asset_id,kristal_id
,14834
1294289,14954
1289765,25163
,6309
,3042
,13781
1269365,2900
1298270,23183
1294156,14789
,2032
,13406
1290453,13511
5077,2270
1290218,13395
1266157,2885
1281127,5100
1293743,14457
,16057
,15884
,16187
1276729,13648
1278284,3696
,1666
4395,2276
,3056
,16060
,2109
1276774,3483
,16188
1296943,20213
1293328,13990
114410,16446
,1193
1282138,6046
1277284,3536
1274897,3247
,16189
1266127,2803
1294331,14970
,2851
,16190
1298140,22919
1294270,14912
,16191
1281114,5089
,1712
1281248,5189
1294252,14893
,13905
264344,14096
1294295,14931
1269380,2908
1293856,14472
1298681,23983
1273069,3106
1277885,3654
1288941,12526
212085,13662
1293793,14407
,16052
1294115,14744
1280420,4625
1273089,3141
1294857,15849
1280963,4991
1281476,5483
,2473
,1785
1290701,13656
,13732
1274926,3263
1293390,14048
1290330,13440
1293728,14342
1277863,3643
,2371
1271373,3020
,1633
,2163
,2499
1281609,5485
1269908,2966
1267536,2815
,2468
1290464,13514
1269369,2898
1299833,25010
1269340,2918
,15336
1289694,13192
,1516
1293809,14423
1269354,2936
1294461,15112
,2285
1269378,2912
1274905,3254
1295006,15633
1295710,16140
1294075,14696
,2150
,2040
1289431,13010
28690,14299
1293657,14266
1293562,14270
1293792,14406
1294366,15006
1297602,22095
,14208
1289060,12681
,13796
1295004,15631
1279364,4031
1269379,2916
114982,12417
28951,12380
1269372,2920
1269367,2935
1273111,3212
1294334,14973
,15398
224535,2273
1286723,10136
1290327,13437
1289273,12917
1283918,13731
,2282
1283260,7069
1290498,13528
1285007,9443
1269355,2939
1295506,15959
1293940,14572
1269387,2906
,2504
1299833,25012
1269376,2928
,468
,1443
1276060,3392
1269382,2933
1266101,2759
1293540,14175
,1746
1289765,13243
1263368,2609
133915,12519
,1684
,13782
1274901,3250
1276380,3445
1275315,3313
,1239
27383,14677
1280966,5001
,2161
1293315,13964
,1506
1287944,11786
1274904,3253
1290938,13841
1269368,2922
186329,2343
1290335,13449
,1200
,1040
1293748,14367
1299833,25013
1299833,25014
,2257
,2021
1269347,2904
1291031,13904
1280957,4956
1289595,13110
1282137,6088
1293568,14205
,2418
1290098,13344
1294194,14832
1269385,2938
1290804,13724
1297008,20511
1269374,2899
1294429,15099
1269384,2924
1295016,15643
1294732,15366
1269364,2897
1293940,14556
1294439,15096
,2155
1297719,22393
1289596,13111
1274922,3259
1287389,14555
1295018,15645
1296593,18631
1294165,14798
1269373,2934
,2215
4142,12512
1274894,3243
,16118
,2485
25468,3425
1289272,12916
1294275,14907
1274898,3248
5128,2269
1297122,20906
1289237,12875
1290097,13343
1276784,3489
,15261
4990,2283
1293756,14396
1269362,2919
1298766,24178
1293749,14368
1273791,3146
106432,14374
93003,13954
,541
1290385,13478
1274881,3236
1275998,3365
1293459,14137
1274923,3260
1290934,13837
,29
1279576,4264
1298892,24272
,2030
1282797,6573
1280849,4823
1281344,5285
1274702,3228
1293499,14148
1294483,15134
1295950,16320
1282796,6572
1295955,16327
1296203,16513
1280000,4460
4169,1940
26564,1997
4646,2274
1289702,13205
1285634,9773
,15882
,14348
1297723,22397
1228494,3509
1294428,15085
1294268,14902
,13675
1289723,13218
1266165,2946
1290349,13451
,2665
,2120
,2505
,2581
1294321,14963
1295742,16162
,2106
1290426,13490
1296885,19851
,2592
1276194,3403
1251924,2422
1296905,19982
1297278,21468
,2330
,2287
1290093,13342
1293524,14161
1294287,14923
1289761,13239
,2145
,2572
1279397,4064
1299285,24637
1294548,15319
1298438,23513
1298376,23414
176453,2308
1281347,5292
1289640,13132
,103
,15883
,105
,2137
1276056,3387
,16223
1290187,13383
1289340,12952
1251131,2397
1296489,17903
,469
1296882,19785
,2113
52230,13652
1257768,2446
1298895,24275
1290045,13316
1293332,13976
1289132,12746
1251923,2421
1293374,14022
,14099
1288740,12353
1262601,2558
1293258,13932
1276046,3376
26611,2698
1293752,14371
1294037,14673
1280962,4990
1279166,3967
,14883
1281972,5715
1287912,11754
1290252,13407
1289758,13236
1282137,6092
1290191,13380
1290099,13345
,14540
1290630,13622
1288934,12514
,2146
1289801,13272
1298439,23514
1278136,3680
1290317,13435
1294698,15342
1290785,13706
,14351
1290939,13844
1282139,6047
1294428,15079
1290185,13377
1282565,6374
1263555,2667
4984,3493
1289762,13246
,1727
,1992
1289571,13073
1276731,3480
1298513,23645
1287377,13251
1290186,13382
1293750,14369
1298317,23216
,2227
1294506,15155
1295705,16135
91414,13381
1294174,14809
1290050,13317
1273414,3110
,2156
1290588,13589
1294247,14884
1294747,15389
1262603,2595
1293915,14522
1289745,13227
1289782,13261
1290455,13512
1276548,3462
1293351,13999
1290364,13463
1280457,4692
1295493,15946
,1398
1289622,13225
1294244,14875
1294154,14782
1285865,9839
1289788,13267
1293894,14507
1281057,5054
1290784,13705
1289063,12684
,1499
1293723,14338
,569
79407,13402
1298053,22721
1298440,23515
1290092,13341
,13394
1298441,23516
1293459,14136
1290074,13329
,2420
1281938,5681
,16006
1280966,4995
1294243,14873
262061,15980
80998,13203
,1647
1294427,15074
1276538,3452
1294245,14880
1278294,3689
1293868,14483
1280422,4627
1293489,14138
1290739,13676
548147,2742
1290947,13849
1294244,14876
1280966,5010
1276547,3461
1294248,14889
1266175,2967
1277153,3533
1277358,3608
1276784,3488
1290504,13530
1284545,8585
1276940,3502
1294159,14799
1297025,20543
,14852
,1657
1293643,14247
,1466
1288945,12531
,2579
1297218,21269
,2583
1294376,15028
133491,3606
,14723
264344,14100
1293658,14269
1289395,12975
1289566,13122
,2415
,449
1290222,13398
1269360,2911
1289555,13067
1293563,14199
1289642,13136
,52
1279039,3867
,13420
1294548,15192
133920,14990
1285007,9212
1269381,2902
1294093,14715
52669,13273
89647,13268
1208491,13846
,1630
,1226
1281347,5290
1228772,13736
1262600,2557
1290824,13768
1290962,13862
,13278
1294176,14837
1295204,15845
1287945,11787
77667,13263
1276542,3456
1289370,12966
1294242,14872
1289616,13117
1273118,3233
1276002,3368
1294164,14797
,1242
1278534,3771
1289639,13131
1290100,13346
1298898,24305
1290821,13767
1288254,11952
1280970,5000
1280957,5007
,466
1289641,13135
1293398,14052
1257769,2455
1293751,14370
1294165,14825
1269358,2907
1287879,11730
186137,3172
1288081,11857
1277496,3613
1290336,13448
,623
1297557,21995
1293495,14143
186326,15715
1295931,16308
1293940,14569
1294154,14783
1295019,15646
1275562,3338
1280057,4461
,1572
1276001,3367
1299002,24473
1281058,5057
1276057,3389
,6152
4150,2248
1276544,3458
1276728,3476
1277113,3512
1276539,3453
1295159,15802
1294776,15416
1290940,13845
1290326,13436
1289556,19520
1289060,12685
1290600,13607
1295938,16314
,1074
1289168,12780
1269353,2925
1293327,13971
1274138,3159
548802,2743
1269359,2909
1276540,3454
1299645,24835
1293459,14202
1289331,12943
1269349,2910
1290428,13493
1293753,14375
1290508,13534
,1822
1281122,5094
1294176,14841
1295002,15629
1276541,3455
,4592
1294881,15520
1262593,2520
1290059,13320
1290911,13842
1269357,2896
1286129,9938
,2694
1283654,7397
,13778
1289499,13204
1275323,4398
1269356,2894
1273112,3213
1277504,3616
,14331
1293940,14570
1276784,3506
1289056,12677
1294345,14985
1299831,25003
1282730,6541
1280001,4494
1294946,15554
228252,3569
,89
1283656,7399
1233163,13854
1290384,13477
1281119,5093
1276059,3391
1296084,16429
1266193,3022
1275824,3353
,14398
1245235,2321
1275831,3409
1294746,15388
1290444,13507
1275508,3328
,11390
1295545,16003
1297076,20746
27240,2671
1294010,14752
1293839,14456
1293459,14108
3840,2744
1269383,2921
1273082,3133
1293642,14262
1289789,13269
1290189,13378
1276066,3396
1281610,5486
1294212,14847
1295161,15804
1263557,2676
1280519,4724
1293326,13970
1295820,16229
1296888,19884
1212262,3610
1290786,13707
1262590,2518
1293756,14384
1282400,6242
1296282,16550
1269366,2903
1289780,13259
1284710,8816
5164,1945
1289766,13244
1290065,13324
1266097,2755
1285205,9509
1294428,15078
,15290
1294195,14833
1226572,2239
1281123,5095
1282666,6476
1277527,3619
23725,13869
1285271,9674
1293373,14021
1289339,12949
4100,2713
1283720,7500
1278284,3769
3834,1942
,1504
1274891,3241
1281611,5487
,1505
1269386,2930
1283984,8057
582517,13864
1274925,3262
1285272,9675
1279056,3868
1279497,4498
1280957,5005
1290355,13457
1280332,4539
1274895,3244
,2521
1293756,14377
1299831,25005
1226216,2164
1293373,14111
1293391,14097
1267773,2814
,11928
1275553,3340
1269348,2926
1294639,15280
1277489,3612
1290156,13370
1294421,15070
5108,13716
1266159,2889
1269371,2932
1277865,3645
1274884,3246
1290961,13857
1294019,14656
1289652,13149
1294382,15033
1295743,16164
1289640,13134
1273091,3154
1295422,18068
1290351,13453
,2561
1293791,14421
1287911,11753
1280060,4464
1299833,25008
,14853
1289069,12686
1281212,5153
1290698,13658
1290335,13447
1288010,11819
1271379,3024
1280090,4493
1294198,14838
1273419,3112
1290928,13831
1290909,13819
1293374,14176
1276002,3370
1276217,3413
1287086,13460
1266163,2943
1287946,11788
1296359,16616
1288076,11852
,11621
1293379,14038
1294429,15084
49338,14372
24401,6011
,15320
89455,14469
1289998,13296
1289358,12960
1279038,3866
1280970,5009
1273097,3179
1281674,6540
1290042,13309
1266154,2879
,6148
1288077,11853
1281247,5188
1275824,3354
1267199,2784
1290976,13870
1280969,4999
1294107,14758
1274700,3226
,2578
1294352,14992
,6545
1274880,3235
1277852,3638
1281181,5121
1293260,13944
1277116,3517
,11093
1288439,12116
1300287,25262
1289099,12778
,11324
,11357
,106
1295608,16051
1288739,12352
1276532,3451
1293940,14560
,2100
1278284,3686
51750,13386
1288940,12525
1295996,16373
,15328
1293497,14212
1274892,3242
,591
1285172,9476
1266134,2817
1290700,13661
1276055,3397
,15142
1277852,3641
1294941,15549
1274900,3255
1300288,25263
1277505,3617
,2394
1290975,13871
1253259,2436
1204830,2346
1276052,3388
1273115,3230
1290188,13385
1276937,3499
1263546,2646
1281213,5154
,3053
1288993,12580
364666,13872
1274538,3197
1296689,19059
1296551,18431
1289040,12645
1278279,3675
1297076,20745
240572,14967
1290699,13659
1289166,12777
1290944,13847
,1029
1290510,13536
372014,14564
1290192,13384
1294428,15083
1289504,13050
1290086,13336
,14865
1264394,2734
1273128,3472
1295803,16210
1296214,16516
1289061,12682
1266169,2952
1274681,3208
36536,18464
1293877,14491
1281608,5484
1295676,16115
1298729,24043
1299835,25015
1276545,3459
1273113,3223
1295049,15690
,13900
1289341,12950
1282141,6094
1293377,14027
1290205,13389
1299563,24804
1294041,14682
1241154,2312
1273800,3148
1266155,2881
,2857
,1075
1283756,7499
1293860,14474
1297930,22657
1271467,3029
1293791,14405
1266171,2954
1293870,14485
,3081
1290077,13330
,1908
1271466,3030
1294284,14915
,57
1266137,2824
1294296,14932
1293820,14433
1268401,2843
1297929,22656
1271465,3031
1271464,3032
,2069
1294429,15086
1295708,16139
,3002
,1954
1281707,5549
1295428,15886
,2858
1266118,2793
,3088
1289330,12942
,2167
,2855
,2856
,14703
1293324,13969
1278278,3674
1267572,2807
,2872
,13194
1290738,13682
,2871
,1686
,2841
,564
1299133,24511
1273554,3125
,1199
,2080
,2392
,1571
1296297,16576
1293391,14047
1266141,2838
1297078,20774
,2213
,1639
1293313,13961
,601
1275322,3311
1282961,6671
1293781,14401
,2140
24781,13138
1253101,2940
,2007
1229621,2290
1291036,13906
,1744
1262591,2516
,1658
,1670
1293497,14206
1294411,15060
1269878,2962
,1787
,3052
1271156,3019
,2500
1275831,3358
1295909,16275
1278137,3664
,3025
1273556,3145
4444,16432
1274703,3229
,3055
1283225,7034
,1073
,2791
,513
,1028
,15263
1293576,14261
1267572,2812
,3051
1289444,13040
,2033
1262602,2559
1275323,4397
1296148,16486
1289343,13877
1276067,3402
,2457
1277359,3609
1278111,3658
1299336,24701
,2776
1276380,3440
1293315,13974
49226,14373
,1968
,139
,1762
1289343,13876
1290129,13354
1293367,14011
,1713
,2296
,542
1299828,25000
1241566,2322
,119
1296122,16456
1225459,2212
,1542
,1534
1299829,25001
1285040,9245
228272,16377
1222751,2185
,112
,1043
1279576,4232
1295431,15890
,1833
,141
,1238
,1852
237606,6080
,550
,1211
,1049
1278744,3775
1222751,2186
,2071
1296160,16499
,1922
1289785,13266
,122
1290221,13397
1293839,14452
1262611,2628
,515
1295497,15950
1275826,3356
1264381,2719
,30
1296326,16604
,478
,82
1262610,2627
,549
1287327,10799
1294154,14785
1294235,14864
1293850,14462
1295744,16165
1275497,3322
,1033
,2027
,2195
1257768,2506
1290783,13703
1293866,14480
,36
1289997,13295
,1795
,625
1281248,5219
,1400
1290704,13660
,1501
,1422
1277504,3621
,597
1289445,13023
,563
,1507
1293721,14335
,1031
,2165
,1769
1290972,13873
,1700
,516
1264382,2720
,631
1296161,16500
1295910,16277
1224589,2208
,613
1294190,14828
1294300,14935
81609,13527
1275447,5021
1276381,3441
,2587
1295946,16317
1280092,4496
1295947,16318
,151
1214160,2152
,2390
1275563,3339
,1488
,2174
5178,3636
,6150
1294428,15080
,1559
,581
,1626
5151,1946
,1805
,2370
1264377,2715
1293644,14249
1294623,15264
,2586
1296619,18860
379956,14589
,2570
,2564
,2284
1295501,15954
1289544,2746
,2645
1222752,2184
,2242
,2294
,166
1299278,24603
,2258
1294230,14862
,62
,2179
1282763,6548
,2244
,2300
1290331,13441
,2568
,2172
,2569
,2488
,2148
1290311,13433
1223113,18499
1275825,3355
,1654
1296482,17805
1280994,5018
1290362,13461
1296400,17049
1275102,3281
,1943
,1485
1275830,3357
,2432
,2331
,1407
1289099,12782
,14676
1293650,14267
1296046,16402
,1693
1296529,18200
,1836
1282137,6052
1293375,14029
,2077
,146
,2280
,2380
1289281,12920
,1515
,1576
,94
,1503
,1620
,1847
,1500
1297312,21566
,1999
1280985,5016
,1844
1293723,14361
,496
1294960,15568
1294832,15468
1274687,3216
1264388,2727
1296149,16487
1266150,2862
,1845
,37
1296784,20081
1293260,13934
,2594
1284215,8288
1297151,21005
1296062,16414
1290742,13679
,2076
1294324,14966
1293375,14023
1294454,15118
133658,16222
,13064
1296063,16416
1296488,17870
,1543
,2223
,1835
,1479
1294270,14921
,1632
,1318
,1792
1296007,16382
1290363,13462
,1850
,16163
,1539
,1806
1296521,18135
,1486
,2497
1280983,5103
,1848
1289748,13231
,454
36934,13776
1295503,15956
,1636
,2573
,1637
,2469
1296440,17377
,1460
,1522
,1853
51749,13874
,720
1296327,16605
,2470
,1768
,1441
,1612
,2236
,738
,152
,1210
,1494
,1741
1293669,14327
,2231
1294293,14928
,32
,1496
1290366,13465
,1502
,2232
1296010,16385
1281410,5351
,1614
1293735,14354
1290705,13668
1293646,14253
,173
1296011,16386
24288,16553
1279926,4362
1296120,16453
,2094
1281775,5586
,2028
1293366,14010
1295972,16339
,2143
,1206
135518,3876
89537,13955
1293688,14304
1278460,3701
,1405
1284149,8222
1290517,13606
224824,3618
,1531
,2382
,19
,2310
,1870
,1625
1222024,2237
,2329
,2571
1294722,15358
,2574
,50
,1728
,1871
,1911
1298727,24041
1296701,19092
,1520
1293940,14561
1290370,13469
1293746,14365
,1613
,1854
,1611
1283754,7497
,2086
1289240,12878
,23
,1819
1290816,13739
1291039,13911
,1604
,100
1277879,3653
1293808,14422
,182
1294107,14731
1295614,16061
1282137,6045
,2233
,16
983403,13855
,184
1293770,14388
,2265
1294440,15098
,1873
1288910,12488
1289099,12711
1294303,14938
1294154,14784
1294513,15164
1281128,5101
1290911,13861
1289178,12879
1294723,15359
1289332,12944
1288944,12529
1275447,5090
1281380,5781
1277864,3644
,1874
,1519
1296070,16417
,2176
26479,17640
,2051
1298058,22755
1296523,18137
1276057,3395
1278295,3690
,2173
1293576,14248
1226040,2228
1294942,15550
1290501,13529
,1425
,2363
,2403
1290517,13540
,2575
,1802
,1212
,1180
1290445,13508
1276931,3495
1293763,14385
,1048
,51
,1685
,2430
1289435,13012
1296599,18762
1296458,17576
1294789,15429
1295818,16226
1281126,5099
1296272,16548
1296528,18167
,2405
,1429
,2354
1296283,16555
,2576
1276050,3378
,1784
,1580
1275447,5012
,494
1295160,15803
1293257,13931
1294213,14850
,1731
,1748
1277692,3624
1289333,12945
1282137,6085
,577
,1041
,1903
1284447,8454
,27
,71
,1240
1297513,21962
50963,13908
1297514,21963
1294250,14891
1280062,4466
1277090,3515
,2328
1288942,12527
26870,13859
1289062,12683
114740,6083
,158
,603
,157
1282137,6089
1228762,13142
,25
1294108,14732
,2615
1290933,13836
1289182,12789
,599
1294380,15031
,64
,136
,156
,1828
1296071,16418
,543
1293743,14362
1296284,16556
1298726,24008
1293746,14383
1289179,12787
1296600,18763
1283655,7398
1293576,14211
1296601,18764
1293373,14116
1273413,3109
1293587,14214
1294323,14965
,1679
1289783,13262
1296163,16502
,1849
1290803,13723
1295508,15961
1276380,3443
,624
1294421,15088
1276784,3513
1289440,13020
1294322,14964
1294255,14896
,555
1294289,14926
1285007,9279
,2159
,1046
1280060,4467
,1952
1290741,13678
,1872
1293396,14050
,452
,1683
1296530,18201
1281346,5550
,1593
1293722,14337
,2664
,2132
1293490,14139
,1962
1276218,3414
1276386,3448
1295986,16351
1281476,5385
1295981,16344
1298016,22688
1276933,3496
1296783,19322
1293357,14005
1300155,25230
1293920,14527
1266176,2970
1293840,14453
,1189
1294342,14982
1298730,24044
1296513,18038
1296540,18299
,2194
1296393,17016
,14001
,2414
1217468,13242
672877,3649
1282468,6312
1276385,3446
,1821
,2723
1276783,3490
,2041
,1829
,2419
,2406
89655,14859
1278331,3699
,2593
,1521
,1890
,1730
,2349
,2364
,2031
,1909
,2225
1291037,13909
1294285,14919
1281641,13858
,1470
,130
1275560,3336
,1498
,2324
1280984,5015
,2471
,2404
1293314,13963
1224664,2209
1262589,2514
,1705
,2378
,2591
1277137,3522
,1540
,2703
,2398
,2072
,2168
1295603,16046
1295511,15964
1262608,2624
,1188
,2018
1289264,12908
,2451
,1732
,2286
,1736
1296596,18696
,2014
,1454
,2081
,2142
,545
,2149
,1944
1294429,15077
,2166
,2588
,1627
,2577
,1716
1293659,14271
,1804
1281774,5585
,2410
,1027
,2087
1296394,17017
,2393
,2084
,1689
,1667
1282136,6091
,2323
1280971,5097
,2222
,1807
,1584
1280971,5098
79635,13912
,2098
1296338,16610
,2299
1294159,14792
,63
,1512
,181
,1511
,2332
1296004,16379
,2438
,2082
,2158
,1037
,1510
,2338
1296424,17243
,2345
1211449,2288
,1601
1295512,15965
,2585
,1635
,1680
,1638
,2433
,2447
,2295
,1747
1262590,2515
1229622,2260
,2298
1290744,13683
1275712,3343
,467
,3027
,3028
,3026
,1237
,1241
1223970,2201
,3168
1275495,3319
1290980,13879
1274686,3239
1278264,3667
,2563
,2017
,3089
1293397,14051
1294351,14991
,503
,502
1211449,3217
,3166
,3070
,13
,1134
,2580
,2400
1222024,2182
,2136
1274011,3184
,2293
,2138
,2477
,2297
,1894
,53
1293642,14246
,483
,2582
,1695
1296544,2519
,2372
,2381
,2584
1275833,3360
,1655
,1682
1296290,16568
,2479
1300156,25231
,1524
,2339
,1631
1295513,15966
,1453
,2334
,2496
,3300
474174,4559
,2565
,1557
1264364,2688
,183
,1042
,2589
,2135
1294420,15069
,40
,2141
,2034
,2562
,2590
1250054,2368
,1674
1280970,5013
1289178,12786
1284446,8453
,1581
,1764
,2458
,2566
,2254
,1560
,121
,2417
,1045
,2115
,1487
,2494
1294980,15595
,2452
,2219
,2472
,1533
,11588
1284479,8486
1277853,3639
,2337
1287846,11722
,2234
,2134
,159
,1770
1289099,12784
1262608,2625
,1717
1298900,24307
,2230
,2302
,1745
1296006,16381
,1475
,567
,1481
,1797
,1772
1281179,5120
1293650,14324
1277839,3627
1293719,14332
1241155,2309
,1582
,1893
,2160
,1773
1275759,3345
,2567
1295861,16250
,54
1282136,6051
,607
,1735
1293696,14310
,2119
,11926
1293660,14272
,1525
,2437
1290977,13875
1294744,15386
1297604,22097
1293375,14028
,3473
,482
,120
1294256,14897
,1737
,1868
,2124
1296342,16615
1275556,3673
1290043,13310
,1823
1288604,12282
,2304
,2068
,41
1290554,13568
,2114
,59
,1729
1295987,16352
,2009
,58
1296553,18497
,129
,55
,1786
,2493
1298143,23024
1257770,2467
,2492
,2049
,1734
,2153
,1838
,1069
,2352
,1047
,1038
,1538
1300157,25232
1273063,3099
,1663
,1780
,1072
,2190
,2074
1228492,2256
,5003
,2102
1294330,14969
,2078
,2193
,2501
,2016
,2064
,2224
1279001,3833
1226571,2238
1264367,2691
,1739
,2259
,1133
,113
,93
,2263
1249118,2362
,2502
,374
,1678
1276377,3437
,2218
1280973,5006
,2305
1241567,2315
,1583
,1659
1225459,2216
,1527
1290738,13680
28815,13898
,1447
,1034
28399,13144
,1192
1273074,3120
,1513
,1387
1294147,14774
1276934,3497
,1554
,644
,1463
1276058,3390
1275711,3342
,1207
,522
,1424
1293489,14135
1296178,16509
,1803
,1071
,1204
,1187
1278110,3657
,1208
,1194
,135
1273094,3175
,1209
,565
1273106,3203
1297609,22131
,2301
1289041,12646
,1977
,1445
,1452
1296449,17507
,1216
,1178
,1444
,1426
,137
,1202
26287,13886
1277850,3635
,1262
,1450
,1664
,1472
,1215
,1687
,1203
1276783,3487
,584
,1702
,1213
,618
,2023
,1517
1279925,4361
,1532
,492
1296150,16488
1290578,13583
,11927
,493
,495
,15
1293328,13973
,1201
1296147,16485
,576
,1197
1290090,13339
,1196
,506
,1420
,1190
,108
1262605,2604
1294560,15205
,11929
,1480
,1399
,1442
,551
,1483
,13071
,1191
,546
1290960,13853
,1439
1293744,14363
,1446
,1451
,1858
,1758
,1837
,481
,1808
1283258,7299
,632
1273124,3275
,1205
,2012
,1198
1296438,17375
,1817
1279496,4163
,98
,586
1294428,15075
,1214
,1859
1290234,13404
1293544,14174
,2059
,1440
1290512,13860
1289265,12909
,1473
,573
,3320
,15337
1277886,3655
,1675
,582
,11930
,1474
,1431
,1518
,1435
1296597,18728
,473
1296427,17309
1273405,3107
1276055,3386
,1467
,1592
,1508
1290621,13615
1293647,14252
,43
,1070
,1490
,1491
,7958
,1692
,109
,1514
,1669
,1721
,1456
,532
1294840,15476
1277854,3640
4631,2750
,2010
1280091,4495
,1459
1278506,3767
27686,6177
1293459,14107
1295988,16353
1296598,18761
1293780,14397
,1809
,1493
1262604,2596
,1492
1296179,16510
,1565
,643
,1469
,566
,2015
1294294,14929
,1476
1295138,15779
,1967
,1477
1296519,18101
,1179
,1703
,16155
1273413,3152
,1984
,1615
,507
,1383
,1252
,1757
,2013
,1471
,1793
,1650
,1281
,1651
,1897
,6053
,1465
1294301,14936
,1589
,1708
,1495
,1688
,1743
,124
1222023,2181
1294154,14781
,1947
,46
,1384
,1590
1273785,3142
488074,3875
,1523
1278114,3768
,571
,457
,1551
,1406
,600
,533
,1035
,453
,554
,1759
,1602
1296439,17376
,1760
1262598,2555
,1436
1297649,22226
,38
,1423
1300158,25233
,1948
,572
1289640,13133
,1386
,592
,1624
,1536
,1701
,1032
,1951
1296113,16449
,1641
,1528
,1437
,1564
,1529
,49
,1628
,24
,1938
,558
1277878,3652
,1709
1296802,19388
1222750,2183
,39
,629
,1421
,1677
,147
,1698
26638,13139
,1549
,6
,1939
1296479,25168
,1740
,26
,1535
1293497,14145
1275103,3284
,133
,1558
1293940,14557
133960,21864
,1672
1277851,3650
,620
,86
,1994
,2073
1298191,22988
,1640
,61
,9
,1750
1279925,4757
,1575
,6079
,22
,97
1257771,2486
,1464
1294429,15082
1294195,14849
,1995
,68
,2038
,11932
1278135,3669
,1796
,1530
1275494,3317
,608
,1907
,471
,1642
,575
,1570
1296454,17540
1289240,12914
,674
,102
1296886,19852
1291002,13885
,530
,115
,87
,134
1293338,13989
1224588,2206
1262592,2517
,557
,514
,518
,574
1293841,14454
,4
,140
1290740,13677
,619
,123
1293313,13962
1290111,13349
,2117
,1489
,627
,1643
1296151,16490
1295540,15994
,95
,1963
1262599,2556
,1448
,472
,525
,630
,1644
,2056
,1673
1294428,15081
,8
1276050,3447
1294382,15041
,1030
,2060
,1600
1296077,16422
1298981,24380
1297172,21106
,896
,1588
1278294,3691
,1645
,588
,2057
,633
,1925
,446
,1537
,2058
,590
,117
,65
,132
,559
1296078,16423
1294270,14904
1277136,3521
,1950
,489
,160
,539
,465
,497
1294367,15007
,1733
,83
,1707
1211250,2104
,2055
,536
,604
1293650,14263
1297345,21698
1282235,6110
1296175,16506
,498
1298187,22952
1276579,3471
,598
1297171,21105
,519
1294843,15479
,125
,1621
,154
1296673,19025
1290910,13820
,1036
1297271,21435
1274011,3155
,512
,126
,612
,2175
,529
,535
,2061
,142
1280967,4996
,162
,531
,540
,155
1281674,6477
28843,13145
,138
,521
,1195
1297069,20709
,524
,616
,1616
,1629
1293354,14002
133984,2171
,11
,144
,1039
,2020
1226572,2267
,491
,520
1300159,25234
,2053
,517
1294332,14971
,150
,528
,1648
,11933
,1706
,145
,149
,2157
,628
,568
,148
,617
,508
,537
1275831,3421
,656
,475
,1236
,92
,615
,634
,635
,127
1275100,3283
1278282,3682
,99
,1814
,1541
,484
1293729,14343
,2022
,538
,485
,547
1257772,2491
,602
,14341
,442
,639
,1044
1295966,16333
,609
,523
,526
,553
,501
,605
,593
1223969,2202
1294244,14879
,170
,480
,1573
,614
1295515,15967
,48
,441
,570
,31
1283126,6869
1283259,7071
,636
1263545,2639
,637
,2251
,75
,477
1293973,14613
,638
,626
,1509
,476
,2054
,589
,464
,479
,2093
,10
,5
,116
,73
,101
,3
,45
,6077
1296700,19091
1277088,3507
,47
,72
,7
,2062
1297071,20711
,44
,171
1280964,4992
,2466
,76
1264360,2684
,12
,35
,67
,2025
,69
,490
,28
,461
1296442,17408
,20747
,110
,74
,104
1296461,17608
,14
,2162
,78
,169
,1765
,60
,11555
,1619
,161
1298192,23018
,66
,1668
,1595
,70
,17
,448
,1691
,1617
1296462,17609
,20750
1290673,13640
,88
,2067
,486
,487
,488
,642
,1594
,3871
,460
,658
,774
,445
,2008
,583
,443
,2096
,444
,11934
,1656
,1928
,1824
,1676
,776
,621
,622
,455
,459
,456
,111
,447
,1791
,2075
,585
,1832
,2243
,1690
,1671
,1618
,2189
,1681
,1842
,1843
,1841
,1851
,1752
,1846
,2024
,1783
,2191
,2063
,2192
,2108
,1710
,2091
,1756
,1801
,1449
,1949
,85
,1699
,2226
1295141,15782
,1910
,2019
,1749
1275323,3312
,1831
,2643
,1771
1294244,14877
,1917
,2065
,1959
,1827
,77
,179
,153
,18
,143
,1634
,56
,2118
,1989
,42
,1965
,1789
,131
,2066
,84
,2026
,2139
,1913
,1438
,180
,1751
,172
,1826
,128
,1825
,1775
,1920
,1577
,1738
,1661
,1660
,1649
,1579
,1754
,1544
1266797,2770
1278281,3677
,1715
,1662
,1718
,1902
,2052
,1646
,1578
,1966
,1587
,1497
,91
,81
,1714
,1767
,2498
,2379
,2103
,2434
,2495
,2210
,2180
,2307
,1798
,2048
,2335
29145,15598
,2261
,2336
,2351
,2095
1294241,14881
1293872,14487
1274903,3252
1263543,2635
,2070
,7827
1267201,2790
,2116
1263553,2658
,3073
1263556,2675
1264358,2678
,2509
1263550,2654
1276730,3479
,3061
1274688,3218
1273101,3186
,1742
,3642
1274902,3251
,1931
,2029
,3076
,118
,1906
,2459
,1904
1296463,17610
,1905
,2306
1266548,2761
,3167
1275314,3303
,2462
1270400,2992
1224587,2207
1269363,2893
1269350,2923
1269346,2901
1275557,3332
,11159
,11192
1277353,3604
,2891
1282141,6049
,2979
,3872
,3873
,3874
1289656,13172
,11723
,2699
,11724
,11725
,11920
,3064
,11726
1222024,2266
,10664
,9641
1296749,19256
,9608
,2735
,2511
,11918
133661,13947
,2490
,2389
,2782
1290218,13396
,2461
,2510
,2760
,2832
,2839
,2833
,2508
,2641
,2642
,2695
,2781
,11727
,11922
1294244,14878
,11921
,11919
,11923
,11924
,11925
,11931
,6308
,6311
,11728
,12248
,9575
,2507
,6638
,21
,9014
1294841,15477
,6087
,6342
1282141,6093
1281972,7331
,9047
,6149
,6151
,9707
,6275
,9542
,2729
,2399
,2313
,3069
,2700
,2475
,2650
,5516
,6903
,6277
1272134,3057
,6836
,2478
,2513
,6902
,6508
,2476
,6969
,7628
,7694
,5055
,11423
,11489
,3063
1286690,10103
,2463
1286657,10070
,15321
,10400
,10466
,2460
,10961
1276784,3494
,5289
,2416
,11291
,2474
,11258
,11060
,11027
,3059
,11657
,2424
,2554
,2487
,2692
,11225
,11293
,11693
,2154
,2693
,3010
1296204,16514
1298196,23022
1293481,14125
1275316,3325
1298142,22921
1296289,16567
,3005
1273413,3151
,3006
1298195,23021
1293821,14435
,1719
,2011
1280059,4463
1280983,5011
1298197,23023
1298198,23025
1294977,15588
1295144,15785
,2151
1269094,2882
,1774
1297217,21236
176448,1958
1296360,16649
1266152,2876
1293839,14455
1277114,3514
1276731,3482
1263558,2701
1277693,3625
1258357,2454
1296465,17612
1296369,16748
1293940,14558
1275315,3314
1237845,16258
1280967,4998
1266145,2852
36928,16173
1294243,14874
1294433,15091
1293313,14848
1298978,24377
175736,13949
237253,17641
1278283,3683
1273418,3111
1296363,16717
1290911,13821
1274681,3207
1298203,23028
1266184,2983
237120,13794
1294466,15119
1296298,16577
1293562,14198
1294437,15094
1290784,13704
1290738,13674
1296554,18498
1266183,2982
1273575,3135
1293487,14133
1294002,14639
1266205,3083
1294014,14651
1289444,13021
1266200,3062
1294249,14890
1273093,3169
1220815,13979
,1788
1275831,3366
1296385,16882
1294285,14920
1298558,23713
26786,3067
1296562,18563
131735,13174
1279575,4231
1294030,14665
1294409,15056
1273091,3157
1293287,13946
1267774,2809
131907,16528
1296159,16498
1290125,13352
1296083,16428
1280971,5088
1289445,13022
1296860,19718
1280984,5014
1290516,13539
1275711,3341
1293379,14146
1281708,5551
1280985,5017
1283258,7070
1294097,14718
1293540,14177
1278135,3662
1277114,3531
1294876,15516
1281839,5615
1298674,23975
,13113
1273981,3150
1275503,3323
1273265,3100
1293940,14571
1295001,15628
1296005,16380
1276564,3469
1289239,12915
1253101,2435
1297808,22523
1262607,2616
1296508,18002
1289696,13193
1293283,13945
1264371,2707
173694,13901
1275323,4537
1264392,2732
1290915,13825
1293974,14615
1296371,16750
1280953,4989
1293646,14251
1264375,2711
1289334,12946
1290091,13340
1290028,13305
1293946,14576
1266108,2768
1276776,3485
,2
,1
1273085,3140
1294176,14812
1289057,12678
1294297,14933
1298678,23980
1273078,3127
1293498,14147
1275447,3410
1293641,14245
1282631,6440
,1382
1279926,4538
1276563,3468
1295566,16026
,12973
1293374,14030
1283093,6803
1293669,14282
1266204,3082
1273405,3126
1266206,3084
1294289,14957
4555,1961
1273058,3095
1296509,18003
1294434,15092
1296560,18530
1290677,13644
1277115,3516
1293695,14308
1273064,3098
1273096,3178
237000,6082
1289744,13226
1273070,3104
28957,13143
1294438,15097
1299167,24546
225462,16545
1287284,10730
1289239,12877
1293696,14309
1300154,25229
,14994
1293965,14603
1273071,3108
1294839,15475
1290933,13843
1293723,14420
1297170,21104
1277503,3615
1273072,3118
1294307,14944
1296592,18630
1273103,3198
1298894,24274
1283260,7072
1294283,14914
1293961,14632
1283755,7498
1279083,3877
1293259,13933
1273105,3202
1298339,23315
1290782,13702
4063,1964
1294306,14943
1294438,15095
1290574,13578
1277152,3532
1297516,21964
1296520,18134
1293650,14268
1280953,5027
,2252
1293500,14149
1293780,14400
1286591,10037
1277354,3605
1275323,4628
1293480,14124
1262606,2608
26862,13175
1277117,3518
1297120,20874
1293540,14173
1293961,14591
1293292,13948
1293757,14378
1289238,12876
1293459,14109
1294428,15076
1265202,16227
1297272,21436
1281248,5287
1297273,21437
1275553,3344
1293540,14172
1293497,14203
1280953,4993
1296514,18039
1283258,8420
1275447,5029
1266162,2942
1296861,19719
1293576,14307
1282140,6048
,14015
1293684,14300
1293981,14620
1273125,3465
1296392,17015
1296085,16430
1297601,22094
544703,2828
1280983,5028
1273126,3466
1274529,3209
1290916,13826
1293494,14142
107562,2386
1279576,4399
1297519,21965
1274529,3188
1293940,14559
1296491,18202
1293745,14364
1286360,10004
1297136,20940
1296425,17244
1280328,4530
1289746,13228
1273119,3257
1297270,21434
1293888,14505
1277851,3688
1296725,19190
52634,13250
1281347,5384
27692,13173
1293459,14156
1279398,4065
1293334,13978
1296591,18629
1290743,13681
1296112,16448
1298511,23612
1282037,5780
1276774,3491
1275996,3361
1289988,13289
1275553,3329
1283555,7298
1294838,15474
1275233,3291
1273121,3264
1276380,3442
,16267
1294248,14888
1294151,14777
1296296,16575
1279324,4229
,6276
1276003,3371
1294241,14871
1295150,15793
135535,9642
1294147,14773
1266186,2990
4534,1970
,14492
1289535,13059
1276052,3380
1293337,13988
1294404,15051
1288604,12281
1293671,14284
1289465,13042
1299228,24570
1290771,13700
1296231,16526
1280959,4988
1288953,12534
1275323,4534
1296375,16781
1293390,14046
1287878,11729
1275831,3393
1277115,3530
1293670,14283
1280061,4465
1298971,24339
1298194,23020
1293380,14039
1273083,3134
1293456,14104
1281119,5122
1298399,23447
1293538,14170
1276714,3474
1289350,12959
1294981,15596
,13072
1299874,25045
1296555,18501
1296460,17607
1273127,3467
80364,13959
1273068,3103
,2795
1294993,15620
1295950,16321
186274,13950
1274906,3256
1289654,13177
1296836,19586
,79
1272824,3078
1269344,2892
1290628,13620
1294010,14649
225106,1971
4654,2277
1289759,13241
26754,3068
1298318,23249
1294313,14955
1274882,3237
27539,13182
1275072,3269
1293343,13991
1296053,16407
1298319,23250
1296785,19355
1296786,19356
1296295,16574
1296887,19883
1293754,14376
1294298,14934
1296428,17310
91415,13966
1293876,14490
1293621,14229
1295237,15850
1297717,22391
,1704
1288911,12489
25318,15018
1297718,22392
1298436,23481
1294848,15482
1295030,15654
1297137,20941
1289982,13283
1266128,2804
1294721,15357
1297716,22358
1287829,11695
1290761,13690
1298475,23579
1293895,14509
1237845,16274
1290040,13307
1273102,3187
1266192,3016
1290792,13720
1295057,15698
1293290,13981
1266110,2772
1296654,18959
1293523,14160
1264387,2726
1296456,17573
1294065,14692
,641
1298984,13952
1289804,13276
572870,13176
4549,1973
1271378,3023
1294856,15495
1299000,24471
1295555,16014
1289722,13217
1296961,20312
1290281,13422
1289787,13256
1293624,14232
1295767,16181
1289991,13291
1298762,24174
1296464,17611
1296543,18333
107351,2391
1288340,12017
1264383,2721
1295949,16319
1290687,13650
1293388,14583
1290695,13653
1269095,2883
1290676,13643
1293946,14574
1270687,3011
78281,1794
1297522,21967
1298896,24276
1284050,8123
1266195,3034
1296384,16881
1279573,4196
1294150,14776
1273084,3136
1274879,3234
1274890,3240
1297807,22491
1275818,3346
1297523,21968
1276546,3460
1293277,13937
79646,13958
1294850,15484
1287326,10798
115092,12517
1296467,17639
1294493,15144
1266123,2799
1290509,13535
1294696,15339
1290787,13709
1294391,15037
,777
1289538,13062
,1478
1298905,24312
1294114,14743
1277352,3603
1294378,15029
1299157,24536
1264376,2712
1281345,5286
26243,15262
1225458,2413
1294004,14640
27261,13178
1296962,20313
1289506,13052
101265,13968
184625,15881
1294052,14686
1296045,16401
1294267,14901
1294231,14863
5035,1974
1241565,2333
1289803,13275
1299161,24540
1296510,18035
1299160,24539
229218,14389
1273116,3231
1293628,14237
1296561,18531
1266180,2976
1266115,2778
1290270,13415
106917,2385
1298512,23613
1296964,20315
1250054,2369
1296512,18037
1289131,12745
1280478,4693
1294035,14668
1269375,2915
,90
1296342,16614
1293515,14157
1290477,13521
1290505,13531
1266156,2884
1290788,13710
1293926,14538
1253262,13984
1289655,13179
1294113,14742
1294112,14740
1266135,2822
28695,2619
1290328,13438
1266144,2848
1293810,14424
1273099,3181
1293281,13941
1149600,15589
1295039,15680
1280982,5008
1296490,17907
1289407,12976
224906,1975
1290696,13654
1290376,13471
1269352,2917
1290269,13414
1289608,13116
1288908,12485
1282499,6314
1298514,23646
1266166,2948
237594,14386
1281124,5096
1266179,2973
1290402,13487
1290404,13489
1293389,14045
1299164,24543
1293455,14098
1281250,5191
1290405,13486
1290914,13824
1290507,13533
1295163,15887
173860,14013
1290427,13492
1290271,13416
1293457,14105
1273090,3147
1297121,20875
1294853,15487
1264400,2741
1289661,13151
1294346,14986
1289650,13147
1293345,13993
1284017,8090
1289505,13051
1289749,13232
1269345,2905
1296426,17278
1290041,13308
1272135,3058
1290476,13520
1264374,2709
1284281,8354
1294348,14988
1273092,3163
1290126,2341
1290072,13327
1295668,16078
1290965,13863
1297607,22129
1264390,2730
1289697,13195
1294637,15276
1289698,13196
1294036,14669
1293622,14230
1273056,3093
1273054,3085
1266181,2977
1266126,2802
1273278,3101
1266182,2978
1289477,13046
1290063,13322
1296059,22792
1289565,13121
1264397,2738
1229153,13188
1273120,3258
1294335,14974
5026,15912
1291000,13882
1289733,13219
1290084,13334
1273061,3096
1282334,6209
1298340,23381
1289759,13237
1289476,13045
5219,1976
1273420,3117
1296096,16437
1289735,13221
1273057,3094
1264398,2739
1266172,2957
1296130,16472
1296476,17706
1264380,2718
1285106,9410
1294710,15349
1290356,13458
1274686,3210
1296640,18926
,14353
1287813,11688
149207,3665
1233122,2607
5235,2440
1294413,15058
1273076,3122
1283621,7364
1289631,13124
1294615,15256
1269377,2895
1294253,14894
1269342,2929
1299166,24545
1266129,2805
1293867,14482
1295937,20378
1282697,6506
1266119,2794
1284248,8321
1290329,13439
474149,2275
1293833,14439
1266201,3071
1294678,15318
1266191,3014
1290435,13495
1294254,14895
4559,1979
1264391,2731
1290931,13834
,2325
1266196,3033
1285733,9806
1264405,2753
1294754,15396
1271824,3049
1289734,13220
1273095,3177
1293916,14523
3833,3285
1289653,13208
1281377,5318
1294700,15343
,2503
1273107,3204
1296298,16581
1264389,2728
945729,14018
1274012,3156
1298899,24306
1294854,15488
1294422,15071
1293575,14210
1222628,2177
1290268,13413
1275250,3301
1226744,2598
1290446,13509
1295842,16241
1290918,13828
1276239,3420
133907,2348
1298144,22923
1273077,3123
1298143,22922
1282467,6313
1273104,3199
26479,1978
1251952,2465
23606,2613
1294286,14922
1274396,3185
1289508,13053
1290930,13833
1293381,14041
4004,3132
1298902,24309
1294849,15483
1289335,12947
1284677,8783
1145821,14103
4407,2423
1294563,15210
1294463,15114
1289430,13009
,1484
1294007,14644
1293864,14478
1280948,4955
1264384,2722
1263553,2668
5237,2633
1298904,24311
4940,2004
1290272,13417
1293822,14436
1294251,14892
1273098,3180
237117,10763
1286888,10235
1222629,2178
1290267,13412
494283,3679
1290334,13446
1294619,15260
1288982,12578
1264403,2748
1293824,14438
1289994,13294
1266153,2877
1258356,2464
1269662,2951
1264379,2717
1290226,13410
186327,2450
1289736,13222
1290528,13543
1289365,12964
1295524,15970
186257,2340
1263547,2647
1295003,15630
23741,2610
1289165,12776
1273062,3097
1279082,3870
1022798,2357
1290368,13467
1266168,2955
1226040,2714
1273110,3211
135451,16913
1278459,3700
1296335,16607
1293922,14533
1293857,14473
1266139,2834
1282832,6575
1273094,3176
945719,13180
1293769,14387
5224,1980
1273100,3182
1266117,2792
1266203,3079
1288947,12533
1289342,12951
1273117,3232
1280477,4691
1289058,12679
1290367,13466
133972,21830
5228,3932
1294161,14794
1266187,2991
1294236,14866
1266105,2763
1266174,2960
1280327,4529
1298093,22788
1273122,3273
1266132,2811
1148099,3377
1266158,2888
1266106,2766
1290110,13348
1296226,16522
1299284,24636
4318,3966
1264401,2745
1294355,14996
1295736,3381
1290386,13479
1299001,24472
185690,2886
4674,13201
4286,3965
1266114,2777
1282532,6341
26311,3416
1293806,14418
1290714,13670
1275098,3278
1289284,12923
1295152,15795
1293565,14201
130756,14281
1293625,14233
1294237,14867
1282501,6316
966926,3383
1266125,2801
28682,14290
474174,1983
1293668,14277
1293661,14273
4688,3384
1233615,2944
1289648,13146
1294008,14645
1293687,14303
1289754,13234
1264362,2686
1290671,13639
24547,4527
1296060,16409
1293561,14197
1293697,14311
1287319,10796
1289376,12968
1294858,15498
1263544,2638
1266120,2796
1295690,16122
1284974,9179
1294064,14691
1266130,2806
1228493,2255
1294061,14689
1273055,3086
1294027,14659
4868,3382
1266109,2771
1296389,17012
1293627,14236
1294842,15478
1289809,13277
1013206,6935
1294562,15207
1293564,14200
1296444,17441
1293662,14274
1294106,14730
28241,12480
1293837,14442
1266100,2758
1293663,14275
1281113,5087
207736,3385
1294836,15472
1294511,15160
1293686,14302
3955,2359
1280458,4658
4470,4526
1295162,15805
1289392,12969
4043,3401
1282466,6310
1294801,15441
1288737,12350
1294349,14989
1266140,2835
1290669,13637
1289393,12970
1294167,14801
1269339,2950
,80
1293645,14250
27793,16611
1293282,13942
1294076,14697
1290506,13532
1294940,15548
1289721,13216
1294078,14698
1294991,15618
1290403,13488
,114
4150,3400
1273114,3224
4922,13207
1290663,13633
25280,2618
25093,3407
,1766
1293655,14264
1273123,3274
27154,2649
1290159,13373
230610,2673
1290353,13455
1273080,3129
3889,4535
27568,3408
25538,2631
1266190,3013
25299,3418
26999,3419
225098,2622
1294501,15151
1294134,14763
1296387,16979
1299286,24638
1266131,2808
1266147,2860
1293526,14163
1218523,15987
1294166,14800
1295606,16049
1290044,13315
1296490,17908
1294645,15285
1290598,13605
1278743,3774
135780,2644
1264571,3426
1290350,13452
1266102,2762
1266164,2945
1280684,4856
1221706,14565
1266160,2890
4975,2489
1290357,13459
1293836,14441
80465,14772
27421,3429
1277357,3607
1266121,2797
26730,2961
1262612,2634
,3090
1283720,7464
1266151,2865
1288505,12182
1275823,3352
1264369,2705
1290646,13730
1283028,6739
1289999,13297
1293516,14158
1293707,14323
1294383,15034
24638,2614
1274924,3261
1293856,25166
1294041,14681
1290190,13379
1264386,2725
1291038,13910
,13992
1290429,13494
1293893,14506
1290202,14014
1239688,2292
1293963,14597
1293333,13977
1290354,13456
1267572,2813
1260832,2599
1294289,14925
1290352,13454
1294365,15005
1266197,3037
114978,23711
1293936,14550
1277083,3505
1290332,13442
1283390,7166
1298901,24308
1276784,3492
1290027,13304
1266170,2953
1266142,2840
1266173,2959
1274701,3227
1266111,2773
1264363,2687
1290511,13537
1294999,15626
130910,14885
1266198,3045
1264357,2677
1294308,14945
1288902,12484
1274294,3170
1281014,5024
1266116,2780
1296287,16562
26991,14930
1264406,2754
5072,3000
1290064,13323
1294068,15107
1264365,2689
4523,13198
1289802,13274
1293989,14631
1279463,4130
1266133,2816
5160,1987
1266138,2825
1266188,3001
1266167,2949
1289628,13123
1267197,2785
1273075,3121
1273073,3119
1290206,13390
1282665,6475
115508,14780
1273086,3137
176442,1986
1266143,2844
26557,1988
4217,14979
1293623,14231
1263548,2652
133628,14927
5017,1990
1295017,15644
1294489,15140
173344,5026
1264368,2696
1293986,14625
1294729,15363
224846,1998
1298591,23844
1296177,16508
1295000,15627
4462,2000
1290365,13464
1295724,16151
1293941,14562
1209985,14678
1283423,7199
28771,5319
1289644,13137
1269879,2965
1280971,5002
,640
4778,2969
1295491,15944
1294104,14727
1296202,16512
1294135,14764
1266189,3012
1266194,3021
1264359,2679
1266202,3074
23889,16177
1289180,12788
1264373,2710
1266177,2972
1264361,2685
25483,15020
1266136,2823
927891,2388
1273087,3138
1281512,5420
1273081,3130
1266185,2985
1266178,2974
1266161,2941
1264372,2708
1294488,15139
1266124,2800
1264370,2706
1293312,13960
1295022,15649
1266107,2767
1266122,2798
1247121,3423
27478,15026
4193,2002
,2409
1273067,3102
1266148,2861
1287449,5582
1273079,3128
1266146,2854
1266099,2757
1266199,3048
1264396,2737
1264393,2733
1296216,16518
26548,2003
225124,14917
1290733,13684
133876,2375
5019,1991
,2408
,2751
1288802,12414
1283555,7463
,2412
1276775,3484
1283753,7496
,1652
1275997,3364
1281905,5648
1280093,4497
1283819,7562
1283722,7466
1283522,7265
1284182,8255
1278112,3659
28603,15027
225542,2005
,1653
107167,2396
,1433
106656,2383
,176
,1461
,1427
,1434
,2407
,2411
178998,5056
1283721,7465
1294555,15200
,2621
1223971,2196
1283061,6772
1283258,7529
1283060,6771
1276387,3449
1294395,15042
,1711
,177
107006,2395
,174
,1482
,1462
,2401
,1790
,1430
,1665
1289169,12781
1276374,3436
,1623
135710,2099
1280984,5102
28176,14626
1275819,3348
1279497,4164
1277840,3628
1277841,3629
1289559,13068
1275561,3337
1282763,6574
1278280,3676
1277090,3508
1278114,3661
1282202,6086
1274362,3335
1275559,3334
1278280,3681
1278533,3770
1282136,6090
1282136,6084
1282136,6044
1289594,13106
1275315,3304
1275322,4536
1281348,5291
1279574,4230
1279827,4262
1280965,4994
1275447,3315
1277851,3637
1281247,5320
1279399,4066
1281346,5288
1282598,6407
1277154,3534
1277850,3648
1275832,3359
1276051,3379
1276565,3470
1279081,3869
,1428
4043,2249
1278136,3663
4964,3092
1275820,3349
1277842,3630
1282961,6770
26597,2006
1283259,7068
1283258,7067
1278304,3694
1282137,6050
1278473,3734
1277886,3697
1274005,3153
,12349
1280001,4400
,9872
1295761,16178
,4462
,4533
1266112,2774
1284116,8189
1295762,16179
25498,13185
1284083,8156
,2402
,1432
1293983,14622
1276549,3463
1280457,4659
1272658,3072
1280718,5583
3856,15073
1214120,6704
26575,2036
1294503,15153
1294314,14956
1294730,15364
237538,3087
1294624,15265
1290808,13734
207737,2039
1293771,25164
3826,12962
82428,14814
1293689,17078
1280717,5584
27442,13181
212719,16557
263235,16716
263392,13777
1289792,13271
1286921,10268
25036,14542
1293649,14260
474155,2272
1293958,14592
90899,14842
174360,12963
1224,6473
1297234,21302
27973,11655
1293878,14493
25562,13725
1289283,12922
1298630,23877
1293994,14638
1294431,15089
1289784,13265
1288736,12347
1293422,14063
1293620,14228
1269015,2878
1293987,14628
4140,5813
1297715,22325
1284644,8750
1288109,11985
1294731,15365
1289977,13281
1294136,14765
22840,6968
28126,13187
1299395,24767
1169037,13729
470485,8519
1282103,5847
,3105
24255,3432
1294830,15465
1088563,8552
132178,12961
1294141,14769
116259,7959
231040,2123
132494,5879
1299396,24768
133437,2122
179066,13008
1282698,6507
1293884,14500
1294688,15333
231042,2121
26356,2050
1295028,15652
79865,13735
1294459,15110
1286183,16718
1296490,17906
4337,9278
184313,13788
1294088,14710
26935,5881
1257773,2445
23720,2611
27243,13215
1232204,11654
185305,13770
1298728,24042
135353,11936
,25171
1295769,16183
1290829,13775
,2262
1294364,15004
1295526,15978
1298676,23977
470710,2623
1294492,15143
133990,2214
24154,12215
185178,13714
1294396,15043
1295546,16004
135774,3113
135595,3116
,2327
1273615,13183
1288506,12250
1290793,13721
1223969,2203
1215673,12249
3817,2279
1293560,14196
1165582,13728
1295697,16129
135074,12149
1293785,14403
1288643,12316
1294246,14882
25708,13785
1211252,3046
970232,10301
1288644,12317
1289662,13152
1293682,14297
1246137,12481
29172,13784
26264,5978
1288913,12491
26561,2278
4873,13206
4394,12522
116659,2316
1298906,24313
149419,2289
1294684,15329
5243,12530
1276242,3422
1285073,9377
1151890,14286
24166,15014
1290828,13774
1289560,13069
1294051,14685
1294507,15156
26541,2439
1294802,15442
1294495,15146
1296082,16427
1283357,7133
1289446,13024
134520,13769
73928,14256
25994,13191
1247440,2350
1271155,3018
1282500,6315
28617,13018
78568,14618
1290827,13773
225670,2281
,1574
1211600,2111
1294803,15443
186108,13789
29165,9113
1294750,15392
5194,1914
1294804,15444
4908,2999
26861,13779
5161,1916
1294751,15393
73925,14257
1295504,15957
1287374,13790
5230,1918
72011,15266
1294728,15361
1290832,13787
1295510,15963
1294752,15394
5156,1919
5137,2512
1290834,13793
1294111,14739
1295239,15852
5229,1915
1294441,15101
237191,13795
4894,13056
1294029,14664
1294414,15059
1295750,16169
1294513,15163
114036,13786
,2326
1294766,15405
80355,13881
1290835,13799
5233,1923
1295817,16225
27851,3009
1290833,13792
1295716,16146
1294183,14821
185015,13791
1294069,14693
23654,3008
1294637,15277
5032,1926
237113,13797
1294628,15269
1293946,14573
1294033,14667
1295942,16315
1289534,13058
1290432,13798
474166,13818
1171270,12941
1294452,15102
1295835,16237
1289737,13224
1294095,14717
1294193,14831
26512,1929
1295930,16307
1295554,16013
4173,1934
1296386,16946
1295776,16186
1295427,15885
1268432,2849
474175,1935
1296213,16515
5141,13063
1293336,13985
1295954,16326
1294157,14790
1295532,15985
1294271,14905
1290814,13737
1271619,3038
1299833,25098
1295760,16176
28508,2875
1296061,16411
1295429,15888
1296281,16549
1295557,16016
1295146,15788
1295837,16239
1253088,20412
224867,1930
1295423,15878
1295721,16149
207925,20279
1294473,15124
5234,1932
1295556,16015
1294468,15120
82427,13880
1295812,16220
1296176,16507
1295775,16185
1293953,14582
1295073,15714
1296029,16394
1295430,15889
1294227,14858
1296003,16378
241703,2947
1295971,16338
1296215,16517
1294635,15274
1295601,16044
1296021,16391
1295147,15789
1295163,15806
3904,2319
1295804,16212
1296030,16395
1290737,13673
1273618,13822
1295747,16168
1285377,13070
1295726,16154
1294466,15116
1294211,14846
4153,1933
1294855,15494
1293946,14575
1290850,13809
1294340,14980
1294544,15186
1293336,13987
186390,20642
4081,1941
1296407,17111
1295692,16124
1294648,15287
1296047,16403
1290844,13803
1294191,14829
1295600,16043
1295143,15784
1296156,16495
1294454,15104
1293738,14359
1294877,15517
1295604,16047
1296201,16511
25279,3433
1294094,14716
1290937,13840
1296265,16543
1294702,15345
1295072,15713
1296154,16493
1296444,17606
1296228,16524
1296155,16494
1290815,13738
1295602,16045
186349,13065
1294393,15040
1295702,16134
1293336,13986
1293747,14366
1296227,16523
1293911,14519
1296398,17047
1294643,15284
1295565,16025
1295145,15807
1276531,3450
1296264,16542
1296522,18136
1289657,13184
1294109,14733
1295700,16132
1296334,16606
134518,13199
135527,9740
1289177,12785
1294006,14643
1295568,16027
26532,1981
1294697,15341
1298983,24382
1294090,14712
131442,14280
1295145,15787
1295805,16213
1296383,16880
1296229,16525
1296102,16441
26378,2303
28489,3144
1293760,14381
27226,3405
1295733,16158
4964,1969
1294160,14793
253678,14293
1076448,16445
1294118,14746
1294162,14795
1299857,25033
1296401,17050
1295142,15783
1288641,12492
1295752,16171
3839,7431
25261,14291
1296595,18695
5179,1972
4673,13200
1294121,14749
1295833,16235
1294610,15251
1274151,3160
1296052,16405
1293675,14295
133998,10334
1289743,13230
1293528,14166
1295696,16128
1288640,12315
1295855,16246
973387,10499
1294168,14802
160223,13190
1294857,15496
1294824,15460
1296240,16532
1295990,16354
1296114,16450
265149,15792
1296232,16529
228077,3161
1265199,13240
970239,10598
1296103,16442
23833,3415
1297976,22787
1274014,3164
1293694,14306
1297560,22029
26070,13233
1297724,22398
1297725,22399
1296263,16541
1299877,25048
132335,15846
1296498,17970
1296881,19784
1286177,12842
1298893,24273
1297561,22030
1294508,15157
184273,15847
90545,13245
24946,6544
1298056,22724
1300082,25132
1297072,20741
1289658,13186
1299827,24998
1299827,24999
1299830,25002
1294152,14778
175239,12956
1299836,25016
1299836,25017
4206,2318
1299837,25018
1299872,25043
970327,10532
1299890,25064
1289774,13249
1300084,25173
1300080,25130
1300085,25174
1295139,15780
1299836,25031
24348,14289
1282928,6970
25894,14446
1293862,14477
1296009,16384
28794,7832
1287362,13247
1299726,24966
1283885,10697
1293844,14459
5191,2606
1299836,25032
1299397,24769
1289760,13238
1299832,25006
1289786,13270
5239,1912
1299831,25007
1295973,16340
1293674,14294
1299862,25034
1287381,13252
1296012,16387
474147,10565
1296013,16388
73915,14254
1299834,25009
896789,3520
1289777,13254
1295536,15990
1295023,15650
1297301,21533
174363,10800
1294745,15387
184813,17771
1289778,13257
1282863,6936
1283918,7826
1295749,16180
1295045,15686
1227081,3685
1295050,15691
1232589,8948
1295529,15982
1295051,15692
1296158,16497
26545,1924
1289651,25170
1289773,13248
1296097,16438
1294215,15983
133340,14481
1295054,15695
1296391,17014
26329,14458
1296667,18992
1295151,15794
1296477,17969
1296468,17672
1295055,15696
1295496,15949
1289539,13255
28040,11456
1297348,21732
25980,2630
1293861,14475
1296491,18203
1297077,20748
1296469,17673
90366,14546
1298673,23943
1287779,11656
1295517,15969
1275829,6837
1296040,16396
1294769,15408
1296531,18233
1299834,25011
1295516,15968
1294768,15407
1296293,16571
1294987,15614
1289779,13258
230457,11522
1296233,16530
1282664,6474
236743,18301
1299876,25047
1297068,20708
1294770,15409
1297302,21535
474902,11721
1296478,17738
135780,6738
1274899,3249
23645,2632
135642,11935
1294208,25165
1283359,7135
1297070,20710
25234,2617
1298997,24439
1298764,24176
1297075,20744
1265198,14593
1294988,15615
176374,3772
1294278,14910
1294773,15412
1279167,3968
1293795,14409
1296164,16503
1294098,14719
1297482,21930
1274339,3183
133822,14788
1288992,12579
1295105,15746
1293852,14463
1294989,15616
1267198,2787
133735,15278
244032,3424
1294774,15413
4059,15068
25544,2651
1298054,22722
1294504,15154
80352,14845
1280972,5004
28730,14319
24193,2662
4944,2605
1294775,15415
1294990,15617
1294944,15552
1294783,15423
1296547,18365
1221982,2358
135349,7595
,2425
216439,13965
474156,2271
1294997,15624
1294945,15553
215842,14497
1289757,13235
1296261,16539
134243,13975
1296153,16492
1294124,14754
1294779,15419
25280,25167
1294947,15555
1211394,14464
1248901,2361
1240087,14445
1294995,15622
1293360,14008
104805,14511
1294781,15421
1293853,14468
1297805,22458
1276049,14451
1295751,16170
1294948,15556
25773,14019
70754,18466
1223113,18500
1298515,23647
185370,18597
1294782,15422
1294949,15557
1226768,2620
1294996,15623
1293942,14563
1294126,14755
1294784,15424
1294785,15425
111121,14330
1298631,23909
77288,13967
228270,7830
1274896,3245
28693,2629
1294950,15558
258044,14567
1294182,14820
28995,22293
216574,13982
194604,14313
1297236,21368
1295007,15634
26791,15012
133983,2169
1295021,15648
1294952,15560
1226146,3684
115106,14012
1277112,3511
80018,14843
28600,3201
1298675,23976
1294189,14827
1294786,15426
63458,14009
1277691,3623
25691,14317
1295040,15681
1295759,14942
1299562,24802
1203253,23152
1274680,3205
1293701,14322
1298677,23978
1298999,24470
1294456,15106
1296133,16474
1295755,16175
25140,14887
27750,2661
1298679,23981
262673,16504
1298680,23982
25277,13141
1294460,15111
261971,14736
1294101,14724
3838,2683
25188,3519
1293372,14016
1294026,14658
1294556,15201
1294943,15551
1296230,16527
27668,3430
1298731,24045
588812,2674
1298818,24206
1295056,15697
1294963,15571
4432,3214
1253088,2845
1295834,16236
,96
1298321,23283
1296140,16480
1295166,15810
29140,14020
1296132,16473
1294436,15093
264628,14329
1295838,16240
1294316,14959
4060,12957
184860,15592
1294046,14683
1294551,15195
5192,14032
184489,16193
1298979,24378
1294962,15570
1294553,15197
1293913,14521
1294964,15572
,107
28432,14017
1294791,15431
1295524,18894
1294965,15573
1294761,15400
1294792,15432
4166,1936
4258,14036
1297477,21834
1293329,13980
1294966,15574
1207476,14786
1296923,20049
78444,14607
184971,14025
1298761,24173
1294797,15437
133527,2360
72370,14508
1294778,15418
1290753,13685
1294288,14960
264344,14102
90985,14532
1294793,15433
1267040,18961
1294788,15428
,657
1296157,16496
134323,14657
1294967,15575
1290945,13848
1294502,15152
1293638,14243
1293874,14488
1296724,19157
1228772,14167
1298765,24177
1294679,15322
26971,3475
1294851,15485
1299229,24571
1204823,2866
135333,7596
1294103,14726
1288538,12216
1297683,22260
24915,14466
1294709,15348
1288274,11986
24449,16558
1296965,20316
4216,12483
1294494,15145
1294559,15204
1296803,19421
85524,16559
23790,16245
1293572,14209
1294552,15196
36932,14695
77013,16565
78765,14498
225208,2829
1298435,23480
1294692,15335
36197,16551
1293557,14217
1297277,21467
966928,12523
1294798,15438
4843,2769
1186129,14741
1205848,2831
77658,16564
133828,13043
1289755,14529
1299659,24899
132539,7828
1298437,23482
1290225,13403
62611,16563
1297720,22394
1296858,19652
1297216,21203
26766,14661
185334,14026
473186,13801
1297027,20576
1294558,15203
1295020,15647
1288645,12318
1294179,14817
3855,15122
1295024,15651
1296944,20246
5176,2250
134275,16579
1296992,20411
5123,12415
24244,14939
1294462,15113
1295041,15682
1293935,14544
28082,3007
1281252,5193
1290478,13522
1086004,14035
1297806,22490
1297291,21500
29085,16572
29080,3222
36921,14352
1293492,14140
1295754,16174
27424,16195
1297046,20675
4861,14049
25177,14336
1295042,15683
131121,15061
1296963,20314
92655,14350
1293849,14461
1296294,16573
1296299,16582
1295688,16119
4883,14031
1295043,15684
27274,15015
1297603,22096
1295044,15685
1293737,14357
1294455,15105
1269351,2931
4407,25172
1294958,15566
133882,14034
114258,14803
1295046,15687
24219,3221
224331,14129
1295048,15689
1294497,15147
1294347,14987
26570,2355
216439,25169
26755,15011
115092,14347
1294550,15194
246962,17276
1294771,15410
1295052,15693
1295961,16330
81031,13506
207513,14171
3933,2092
1294812,15449
1295053,15694
114996,3075
1294208,14839
1294777,15417
1294577,15218
1298560,23777
116253,7893
186260,14101
133956,13523
1296804,19454
135715,2344
1294238,14868
4299,13476
1293676,14292
4456,14586
1293811,14425
1295745,16166
176458,17614
1297608,22130
1294780,15420
474163,3238
1295746,16167
5020,19489
224055,2827
1210695,3265
1290497,13525
1293633,14242
1297606,22128
1294787,15427
1295731,16156
1295819,16228
1299126,24504
1276379,3439
1261637,3066
1295689,16120
132342,2702
1294401,15048
186264,2342
1296457,17574
1233125,19490
1295713,16144
1294546,15188
3949,13049
1290224,13400
251680,14548
5220,2818
1293525,14162
1299127,24505
1277082,3504
1294790,15430
1294627,15268
1289781,13260
1295967,16334
3998,3267
1294794,15434
1208815,8387
1294796,15436
1275066,3268
1294809,15446
26772,15198
1293923,14534
1294811,15448
1289983,13284
1298193,23019
1296466,17613
1294810,15447
4494,3271
1294823,15459
1174640,18300
1294442,15100
1295983,16348
4687,3270
1295502,15955
5055,2837
1294837,15473
71141,18465
1294844,15480
1269370,2913
1270182,2975
1294852,15486
3830,3272
1296429,17311
1273611,3276
1294994,15621
1232590,3280
1295005,15632
1298202,23027
1275097,3277
1289556,19554
1063915,13472
4501,2847
133991,14033
79169,14276
1296370,16749
133921,15786
1294953,15561
1296889,19885
1297682,22259
1293388,14044
212795,13519
1294954,15562
27425,3651
1293340,14539
1294959,15567
1296496,17936
1296497,17937
3832,3286
1295723,16150
28926,2663
1151907,10434
1294955,15563
1282994,6705
1293295,13956
1294956,15564
1296602,18794
1294957,15565
1294961,15569
85631,13569
1295149,15791
4552,3287
82348,14566
133435,2131
1294400,15047
1295153,15796
133663,16580
81565,14531
474150,4097
3836,2427
1295156,15799
4026,2442
1294879,15519
1294472,15128
1294458,15108
1293937,14552
488074,4394
133503,13524
207498,14165
133879,2126
1295154,15797
1295155,15798
1295157,15800
1290440,13500
1294423,15072
1295158,15801
1293957,14590
4731,3289
1278285,3687
1294397,15044
1294403,15050
1294399,15046
176444,13544
1293924,14535
1294398,15045
1294756,15399
135502,3174
1293720,14334
1269361,2914
1294762,15401
1293733,14349
1299692,24932
223570,3290
1294763,15402
1294197,14836
1298516,23678
1297521,21966
270470,6547
1294764,15403
1294765,15404
357113,19060
4919,1993
1290436,13504
1294767,15406
1294800,15440
26472,14131
1294795,15435
1290472,13516
1294640,15281
1294616,15257
1294617,15258
133847,13573
4992,4295
1296542,18332
1299838,25019
26600,2867
1295238,15851
26369,3347
1299560,24800
26540,2037
1295866,16257
1294974,15584
1294808,15445
1293555,14207
224812,13538
131301,20114
1294817,15453
1288080,11856
25684,6178
1294814,15450
1294815,15451
5163,1982
1299562,24803
1067043,2779
5238,1921
1294816,15452
1289791,2311
101274,13571
1296545,18334
4553,3327
1299566,24807
1289537,13061
1294818,15454
185119,14278
1294821,15457
1296702,19124
1294819,15455
1296447,17474
1295426,15880
1294820,15456
1293556,14216
1296933,20147
1290463,13513
1296362,16682
1294822,15458
224191,2001
1294827,15463
1294828,15464
23825,3362
27405,8651
1298995,24437
1294825,15461
116250,12974
255167,14239
133946,13526
1294826,15462
27117,3406
1295492,15945
1295494,15947
1293570,14218
103614,13570
1295495,15948
1295500,15953
1295499,15952
4994,1955
1298201,23026
1296448,17475
100965,13574
1296408,17144
1033320,14312
1297558,21997
176539,14279
1295498,15951
1294833,15469
1294831,15467
184917,15489
588817,14288
1294834,15470
1294835,15471
1295505,15958
1294490,15141
1295984,16349
969844,13107
1295507,15960
1229622,2353
61783,13572
1295014,15641
134043,2640
1295830,16231
27906,5912
1269343,2937
1295009,15636
472755,2200
1297559,22028
240953,3427
27338,13109
212737,14501
92584,14241
1296337,16609
1297562,22031
5153,1960
1295011,15638
896766,6176
1295534,15988
1297726,22400
1295008,15635
,2429
1295010,15637
1295015,15642
5028,15911
1295537,15991
224470,1985
1296511,18036
28808,16561
1295535,15989
133884,8024
24789,14609
1295538,15992
1296059,16408
1295012,15639
1295013,15640
1295539,15993
470544,3666
1290105,13347
82352,13264
1299831,25004
4680,14476
4227,2441
1293586,14213
1290558,13576
1290128,13353
26077,15913
1299725,24965
1297173,21107
1282169,6078
1296080,16424
1295047,15688
5162,1996
4544,1957
1289811,13280
1299864,25036
1299870,25042
224170,10862
1299865,25037
1297035,20611
25916,3647
470590,13285
1299866,25038
1299875,25046
1293875,14489
1299892,25065
4282,2821
263869,19751
1299896,25067
1299897,25068
1300135,25196
1293704,14314
1293909,14517
4862,2998
1296399,17048
1290575,13579
1289978,13282
1296134,16475
1296123,16457
24118,5846
1294829,15466
1298907,24314
1294564,15212
1296379,16814
1299564,24805
896692,2107
4564,1953
1269341,2927
1296396,17045
1294003,14641
1290576,13580
1295732,16157
246834,16208
1294549,15193
5195,1956
1293335,13983
1296616,18827
1295774,16184
26646,12515
65097,13286
28506,14287
1296234,16531
1297481,21929
224671,2996
1293294,13953
1289984,13287
1911,2963
1294998,15625
473226,13800
1289992,13292
1294680,15325
1288043,13288
1297804,22457
1293993,14637
1289993,13293
1296490,17905
1294951,15559
1297404,21798
1294337,14976
1298903,24310
186196,11951
3968,2456
1151900,2968
1294265,14899
1276373,3435
1295541,15995
1293838,14448
76178,13290
1290974,13867
1293275,13935
263829,18596
209194,13581
1296995,20477
27763,14870
207510,13314
1297235,21335
1293483,14128
1293280,13940
52235,14722
134295,13311
272122,2367
1293639,14244
26348,2993
1295952,16322
1293486,14132
1291016,13899
,3091
1293387,14043
1226983,2980
1290066,13326
1295694,16126
1296641,18927
24927,14444
1290577,13582
1294185,14823
4541,2997
1295698,16130
1295960,16329
1207461,14392
1297722,22396
1290049,13313
4561,13584
4737,2984
1295856,16247
1295962,16331
1295701,16133
4648,3039
27523,14671
1296859,19685
1298237,3143
1298188,22985
1290590,13597
116254,2981
1296980,20345
1290555,13575
1295441,15914
1228462,13325
1296884,19850
1295844,16243
1295711,16141
1124897,2986
185319,15491
1295712,16142
4777,13585
1290668,13636
61719,14599
1298994,24404
1298442,23517
4789,13338
1297853,22559
26363,3054
1229618,13907
1294153,14779
4935,13586
1294326,14968
231041,2130
1297107,20840
1289286,13337
1293310,13957
1295970,16336
4771,13587
1290113,13350
1290686,13649
1293458,14106
1296111,16447
24920,15971
896780,3431
4547,13405
1294402,15049
1296481,17804
1290253,13408
1290601,13608
1296994,20444
133845,2125
1296115,16452
1297851,22557
1290645,13780
1296019,16389
24637,3050
1290675,13642
1297476,21833
28502,13943
135336,3115
1290223,13399
1290767,13692
1296812,19488
1226571,2268
131531,3535
1293801,14415
1290501,13616
92152,13401
1275827,13355
28748,2648
1298629,23876
134001,10367
1269016,2880
1298190,22987
1294031,14666
1296086,16431
1251903,6539
26612,3279
103415,14627
1296217,16519
1295667,16077
28332,13371
1297314,21599
79634,13432
1290956,13856
1294992,15619
30359,3503
1297929,22655
82358,13391
1298672,23942
976932,14705
1294279,14911
1297168,22402
1203547,13411
1296417,17210
472754,2198
1290849,13808
1297650,22227
231039,2129
4973,2444
27350,22292
1295680,16111
27461,6543
1294514,15165
1290183,13375
1290527,13542
1288769,12381
1290333,13445
1297605,22127
1232201,5022
1293964,14600
1290586,13594
5175,1927
1296397,17046
83845,13431
1289981,13609
1226155,13473
231038,2127
1290591,13598
1294724,15360
1294545,15187
1296162,16501
1293786,14404
27924,13372
1290603,13610
1296145,16484
1295717,16147
1298972,24371
1290581,13588
1163075,2443
1293460,14110
1293503,14152
1290790,13717
26245,3065
1296594,18662
81015,13444
1290529,13545
1290203,13387
1296945,20247
1293522,14159
1294407,15054
1293938,14553
1264584,2681
1295933,16310
1298977,24376
1296049,16404
5248,3220
1290073,13328
1290604,13611
1290929,13832
251936,14598
1293378,14037
184630,15189
470477,15582
1294685,15330
1298971,24340
1290932,13835
1275822,3351
1269880,2964
130987,13612
4534,21140
28078,14984
1297135,20939
1290906,13815
135128,3173
1294333,14972
1298557,23712
1298009,22659
821300,13613
134085,16211
1294358,14999
1293703,14333
235976,21170
1293990,14633
1296361,16650
1283852,7661
1289713,13209
1290619,13614
207789,13312
1290595,13602
1294074,14694
244491,5025
1297149,20972
1294221,14855
1297167,22403
1296549,18398
214624,13617
1294799,15439
1294638,15279
1081481,2994
26346,3044
262061,15981
1290589,13596
1285964,9905
3831,3288
1226572,15035
217302,13618
1208054,21534
1294080,14700
1268434,2850
29026,13419
1275496,15324
80028,13619
1294417,15065
1294636,15275
1294282,14913
1290905,13814
1294499,15149
1294163,14796
1297557,21996
1294419,15067
132375,21401
1297150,20973
1291001,13883
237002,7793
133616,12972
1293804,14416
224907,14130
1290079,13331
27954,13108
185122,15585
1294143,14770
27270,16612
1290846,13805
3928,3004
1290820,13766
1290273,13418
1294144,14771
1297237,21402
1297313,21567
685491,13112
1289747,13229
4108,13624
1294753,15395
215239,13491
1299873,25044
1290526,13541
1290845,13804
23715,3398
1297346,21731
1297315,21633
1295980,16343
1290847,13806
247474,15209
1246916,2749
470588,21765
1290627,13623
1290411,13485
1299398,24770
1290662,13632
1294561,15206
133958,21831
1290442,13502
4283,2820
1290848,13807
1293967,14604
227752,2217
4978,13626
230543,9344
1299863,25035
1289507,13054
1290649,13631
732112,13066
1281509,5417
1299867,25039
1295165,15809
1299868,25040
4972,3162
1280329,4531
1290443,13503
1299894,25066
1290769,13694
26586,13625
26481,2235
26661,5747
1299898,25069
474118,2666
1299990,25097
1290690,13665
1300081,25131
1289343,12953
1209604,14447
1264997,2697
924986,13409
1295530,15984
27244,2669
1297165,21071
1227815,2864
1269874,2958
1299158,24537
4571,3080
1288807,12416
1299159,24538
1297769,22424
1295531,15997
1295982,16347
1211250,2105
27871,22160
1290380,13474
28275,13663
1298055,22723
1213996,2826
1295985,16350
1295932,16309
1086003,2199
1295543,15998
1290439,13499
1268750,2870
26584,13627
81083,13430
1289651,13148
4476,2043
114776,14316
1284776,8882
1293467,14118
1293912,14520
1295682,16113
1288078,11854
1239687,2291
1290596,13603
969616,15288
381141,16000
1299162,24541
1293904,14512
1293468,14119
1299163,24542
135609,3375
1290587,13595
4472,2042
1281511,5419
1294650,15289
1290397,13480
1279893,4427
122323,13646
1299165,24544
1284809,8915
1295934,16311
27837,16552
1296487,17837
1295544,16001
28035,14662
1289282,12921
90489,13483
876134,13667
1297152,21038
25946,22622
1295935,16312
27908,3693
1294129,14759
1289285,12924
80405,16002
1289348,12954
27023,13374
133033,3131
1293906,14514
4070,2995
1232283,15294
1289557,13666
1288738,12351
1297478,21863
228261,6054
1294009,14646
26257,3077
1293907,14515
1289270,12912
1293917,14525
26414,2366
1296437,17342
76530,15323
1276543,3457
1298098,22820
1289433,13011
1294209,14840
27530,17904
184414,16215
1290692,13651
1295548,16008
1290438,13497
1289466,13044
1290936,13839
186369,2221
149418,2597
1289775,13253
1295550,16009
1290935,13838
27802,12516
1299869,25041
28220,5880
1293910,14518
27975,3417
1295551,16010
1294547,15190
28579,3041
1290312,13434
1296121,16455
1298100,22853
1293919,14528
1293656,14265
1294703,15346
1289607,13115
1241568,2320
1290912,13823
1294229,14861
1290639,13628
28639,5946
1294976,15587
1299594,24834
1294486,15137
1294713,15352
130955,23150
4635,2035
1290401,13481
1296548,18366
1296072,16419
1289626,3165
1290917,13827
132577,14886
27502,3047
1294474,15125
1294485,15136
28842,13016
24702,13664
1296395,17018
1293325,13972
77135,14579
1299288,24668
4538,3219
1299561,24801
135339,11984
1290441,13501
1294186,14824
1294187,14826
1290715,13671
114777,6081
1293928,14543
1296266,16544
1295607,16050
116255,7925
1299593,24833
258146,13351
1294626,15267
24284,13868
1290758,13687
1295533,15986
1293683,14298
1294379,15030
116256,7926
1294416,15064
1293350,13998
1287380,13669
1290757,13686
5190,2356
131726,16018
1290760,13689
1295509,15962
5225,12348
1293813,14427
226241,13672
1293818,14431
1293819,14432
25051,5023
1279892,4328
115073,13696
1290454,13510
1297169,22401
1293817,14430
1297166,22404
23723,5948
1298141,22920
1211339,13708
26979,2859
1299565,24806
28228,22624
4315,13475
1293470,14121
130937,15414
1293471,14122
1293869,14484
29092,13701
27207,13783
1289167,12779
1296288,16566
1290348,13450
1299646,24866
1294719,15355
1088559,15497
1294720,15356
1294138,14766
4224,3215
1294132,14762
133982,2170
1294975,15586
185016,13712
27895,2660
1298734,24140
1294406,15053
90714,13482
28056,2653
1294354,14995
1225614,13057
27337,16019
1290471,13515
5261,20807
1296644,18930
225184,3206
474162,2819
25267,13726
1294361,15001
381139,15999
1294845,15481
29121,5979
1290592,13599
227030,15972
216440,13443
1299727,24967
997912,2830
1294315,14958
1273617,13189
1294487,15138
1294128,14757
5188,3003
131628,13697
1295563,16020
1293461,14112
114719,12518
1293463,14114
27228,15490
1295525,15977
1269174,2887
1293462,14113
1248351,3114
79657,13505
1295965,16332
241706,12955
474059,16021
1294299,14937
1290752,13699
1288377,12052
227133,2874
1264399,2740
28465,2873
1295528,15979
228262,13711
1294123,14751
1282301,6143
1294178,14816
1295542,15996
29027,12486
1290410,13484
1296008,16383
1290562,13577
1296993,20413
1290759,13688
1293881,14494
1289738,13223
1295704,16137
224375,12520
1293882,14495
1290791,13719
36937,13498
1297852,22558
3911,12524
115386,15493
1294338,14977
,15161
1294341,14981
133837,7991
1294339,14978
1295029,15653
4943,3266
132567,13727
1293777,14393
133846,2846
1298733,24107
1293352,14000
1264585,2680
261864,15492
25174,2612
1295562,16017
1293355,14003
1290789,13713
4162,2836
1298980,24379
1288378,12053
1222025,13772
1294693,15338
28168,7430
1293353,14040
183850,16053
179861,13698
1290697,13655
24855,16054
27549,13715
1296022,16392
1293386,14042
1287369,16055
26559,2704
1293359,14007
1293356,14004
1057365,15581
1293358,14006
1293775,14390
26655,5945
4788,3036
1296441,17378
1294226,14856
132154,7001
1293782,14402
1294973,15583
1294082,14702
1294353,14993
1295031,15655
24388,12413
231037,2128
1295612,16056
24320,13140
1275558,3333
135330,3171
1294356,14997
116217,12545
1295609,16058
4841,2449
1290908,13817
1294039,14679
4098,12521
1271470,3035
1290437,13496
4296,2197
1295613,16059
4636,12547
237681,15340
1294089,14711
1294091,14713
1294053,14687
1295685,16117
1294986,15597
1295936,16313
4083,1937
184635,16121
1294392,15038
1293478,14123
1289338,12948
1295678,16109
1293276,13936
27981,15017
1295707,16136
1293278,13938
5030,12919
1296336,16608
1294578,15219
1294516,15167
1294099,14720
134305,16138
1293279,13939
135161,6542
236978,16272
1295710,16143
134338,2365
1295681,16112
1294518,15169
997536,2842
1149600,15590
1279083,4396
1033339,16410
1293479,14126
1267030,3404
1299134,24513
1294978,15591
1294689,15334
1294412,15057
1294515,15166
1293968,14605
26716,16161
1293482,14127
1266098,2756
1223772,3678
133488,14168
1294614,15255
1294743,15384
135518,4395
1290062,13321
225450,16342
1033364,16145
1298189,22986
135500,6546
1294612,15253
1293740,14360
1298099,23154
131712,16345
23728,16153
5043,2448
1293759,14380
1294117,14745
28727,14318
1294613,15254
135157,3374
237611,13718
1275240,3298
4323,13197
133919,13013
1295725,16152
1298235,23120
1293632,14238
1291009,13884
1293736,14358
1294479,15129
1246625,3434
1295164,15808
1294717,15353
1294374,15009
185311,15594
1290919,13829
1296642,18928
1294718,15354
1296104,16444
27967,7829
1294172,14807
1293883,14496
116252,7892
1293761,14382
1290920,13830
1294140,14768
1288994,12581
1275311,3302
1290819,13742
1289638,13130
255893,14851
1293493,14141
1295814,16221
131471,7760
1295205,15848
1293873,14499
1297026,20544
1283027,6737
1294079,14699
28246,14328
1293988,14629
1295148,15790
1293502,14151
1268749,2868
1293501,14150
1293592,14235
133916,2374
1295552,16011
1293885,14502
1295853,16248
1293507,14153
133894,14787
82268,16251
1290947,13850
1291030,13903
1293887,14504
1277138,3525
1290583,13591
1209808,3363
1296390,17013
1223109,15286
135453,3372
1291389,14449
93005,14537
90372,16253
1241527,13015
1297403,21797
1290594,13601
1277528,3620
1279331,3998
135651,3373
24205,15013
1290597,13604
1205292,12513
1299279,24604
264589,14734
1290674,13641
149156,14707
1293488,14134
1290957,13851
253187,14296
1290958,13852
1294169,14804
76578,15109
1286657,10169
1295424,15879
116251,7859
1268563,2853
24826,3060
1293648,14259
1294274,14906
1294105,14728
5143,14585
1293834,14440
237554,7831
1267189,2783
5250,14924
115356,14941
1297344,21665
1283358,7134
1294277,14909
1294266,14900
1293925,14536
1278325,3695
1294269,14903
27192,14320
1277627,3622
80413,14815
1293347,13995
1278299,3692
83235,14355
1294484,15135
1289484,13047
1293724,14339
1278264,3668
1293527,14164
1298891,24239
1293956,14588
1296341,16613
78764,14630
1293886,14503
1299227,24569
4566,16578
1296643,18929
1294125,14753
1289366,12965
1294100,14729
26571,14634
1298559,23744
28884,7727
1296475,17705
1294482,15133
24561,16022
1293567,14204
1297106,20808
1298732,24074
1294500,15150
1293949,14577
1277107,3510
1209100,7002
1280882,4889
474101,16023
1290826,13771
26241,3369
1293726,14340
1290280,13421
27883,2672
73923,14255
1276932,3500
1293805,14417
629023,12967
1275319,3308
113992,15270
1289276,12918
1277151,3529
1293798,14412
1299280,24605
1295684,16116
1293945,14568
1276935,3501
25167,13060
1294630,15272
1293797,14411
1293558,14215
1241236,2426
1289464,13041
1294180,14818
1294170,14805
1293865,14479
1226572,12382
1293921,14530
1294343,14983
1296260,16538
1294173,14808
27757,2670
1299282,24607
1296262,16540
28700,15023
1297721,22395
1299283,24635
1294749,15391
1295777,16192
133602,15385
1296904,19916
1293950,14602
1294711,15350
22960,15208
1294220,14854
224176,17277
1290474,13518
114918,14315
28725,12482
1280915,4922
28599,15022
1290473,13517
1289598,13114
5134,14434
67632,14617
1294017,14654
1289619,13120
1288946,12532
90431,14547
1278267,3672
1294175,14811
24862,5947
1294681,15326
240949,2101
264670,14735
228263,23153
1294084,14706
1295564,16024
133955,15162
1289701,13202
1296960,20280
25022,3399
27603,14660
1290085,13335
1296165,23546
1295605,16048
1288639,12314
115292,7232
1290770,13695
263610,14737
1294228,14860
257092,14725
1290817,13740
256994,14258
4168,2431
80403,16254
1276554,3464
1289527,13055
1290807,13733
27681,20510
1294979,15593
1290851,13810
4452,3040
1295863,16255
1296416,17177
1296603,18795
1290802,13722
1290650,13630
1294701,15344
1295553,16012
1293939,14554
1289717,13213
1295802,16209
79857,14545
1295864,16256
5126,2347
1277694,3626
1276216,3412
1284842,8981
1295867,16259
1290081,13333
1290768,13693
4439,3225
91142,14549
1275321,3310
1281117,5091
1287375,18960
26883,15185
1280968,4997
1294772,15411
176452,16260
1288912,12490
1281245,5186
63385,14240
1290184,13376
77162,14810
1288971,12546
1289720,13214
1298763,24175
133806,16261
1281971,5714
1225457,2211
1208519,14443
1295811,16219
26589,15063
1295666,16076
186249,2220
1277318,3570
1295898,16262
1246119,8684
1293951,14580
1295908,16273
1295816,16224
1293970,14608
1293948,16234
1294373,15025
1293960,14587
4492,13865
1290282,13423
224053,2453
1290284,13425
1290295,13427
1296748,19223
1295899,16263
1295810,16218
1295902,16266
27962,14450
1290133,13359
1294018,14655
1290296,13428
4995,19422
1294181,14819
1289453,13025
26357,19487
1297034,20609
1295900,16264
1263554,2659
1294276,14908
261774,16481
1290304,13429
1295843,16242
1289637,13129
1293982,14621
1295901,16265
1290057,13318
1295903,16268
1288909,12487
1290582,13590
1296174,16505
1294119,14747
1295905,16270
1275821,3350
1290372,13470
1296225,16521
1290369,13468
1283588,7332
27136,14465
1295904,16269
28466,15021
1294120,14748
1245497,16276
1268723,2863
257000,14356
1278928,3800
1267200,2789
1275448,3316
1293985,14624
1275555,3331
51571,14721
1289716,13212
28187,14610
1224589,2253
1293823,14437
1269750,2956
5013,16546
1293346,13994
5012,16547
1298590,23810
1293854,14470
1293508,14154
1296835,19553
1295944,16316
1297074,20743
36907,15362
1294192,14830
1233126,19619
1294016,14653
1298819,24207
1287325,10797
1263198,2560
1296883,19817
25044,16324
1264366,2690
1234506,19949
1294480,15130
1293348,13996
1240453,21832
1293349,13997
1296922,20015
26550,14835
184379,16323
1287086,10631
1264385,2724
27753,14595
1264395,2736
213804,14117
1264404,2752
1293962,14596
1222262,16412
1290584,13592
1266103,2764
1246984,16341
1294028,14663
1294177,14813
1266104,2765
1293693,14305
1287845,11720
1293469,14120
113454,20048
1295959,16328
26487,14614
1293855,14471
1267199,2786
1267202,2788
1288255,11953
30031,20610
1288868,12446
1287389,10829
970492,10994
1294131,14761
1287814,11689
1297480,21896
1288079,11855
1290058,13319
208132,20180
24288,16554
1290593,13600
24446,16560
1288376,12051
27764,14467
1274546,3200
1288373,12050
1275234,3292
185542,22061
207141,16346
1294618,15259
1263794,2636
5196,14551
1288406,12083
28407,15747
1275236,3294
1294122,14750
1295140,15781
1294130,14760
25811,14285
1211362,20478
1251162,15199
1293509,14155
1297073,20742
1288972,12548
1275237,3295
1296002,16374
1295831,16232
1297024,20749
1288996,12612
1293776,14391
1289659,13150
1275239,3297
1297186,21141
1289039,12644
1294611,15252
27396,21143
1294336,14975
1186124,16375
225295,14688
1276730,3478
1276782,3486
228272,14399
1289185,12790
236888,16376
1296020,16390
1296042,16398
1295907,16271
1293959,14594
1277488,3611
27607,15016
1296041,16397
1294469,15121
1294682,15327
5155,16569
1289617,13118
27091,16570
1293376,14024
1289269,12911
160234,20873
1278266,3671
26097,21142
1278265,3670
1294464,15115
1297187,21171
1278474,3735
1289180,12791
237291,17575
1273800,3149
1274531,3190
1274533,3192
27021,21237
1274534,3193
1296043,16399
1281249,5190
27987,14672
133849,13014
1274537,3196
24439,21632
1278475,3736
1294687,15332
1296044,16400
1274535,3194
263234,16715
1279828,4263
27247,14601
894372,16406
1290585,13593
184576,15191
1241234,13951
1222263,16413
1295171,15812
1280330,4532
1296081,16426
28226,15019
1292955,14321
1294368,15008
1290647,13629
1298974,24373
1290132,13358
1280421,4626
1280481,4694
28555,13802
1291082,14918
1294520,15171
131565,16425
27853,14675
26645,16421
1298968,24338
1293896,14510
1294430,15087
472296,16415
1293871,14486
1280657,4725
254121,14345
1280816,4790
1274137,3158
1293979,14616
208132,15131
1296073,16420
27807,13017
26105,16451
1293984,14623
1290664,13634
1296093,16433
1294694,15347
28731,15024
228256,16434
1293908,14516
4982,9311
27691,16435
1293685,14301
80055,14857
1295854,16244
134519,16440
1290080,13332
242464,15211
1296098,16439
132302,22886
38505,14578
1290818,13741
1299124,24503
1274536,3195
1299129,24508
970408,15291
1282862,6605
1294127,14756
207497,16443
1290979,13878
1283324,7100
1294498,15148
1293537,14169
1293914,14524
1297651,22556
1294418,15066
1290902,13811
1285331,16454
1283687,7432
25482,22623
1290216,13392
28214,9971
1290160,13393
25081,22625
1289001,12613
1296135,16476
4733,23051
1293955,14584
62621,16477
1296381,16815
1299230,24572
1290204,13388
1263549,2655
225616,14635
1284578,8618
37152,16478
1284579,8619
1297943,22658
1295547,16005
1294184,14822
1295549,16007
1294476,15127
1293971,14611
1287416,10895
1294654,15292
27991,22626
1281246,5187
1295953,16325
1264378,2716
27945,14670
1294655,15293
75716,16479
1293952,14581
25318,16482
1287812,11687
1294375,15010
1289439,13019
1223970,2204
1290629,13621
1277866,3646
134293,23119
1293559,14195
1277139,3524
1296479,23084
1275238,3296
1294012,14648
24500,16483
1290283,13424
1299385,24734
1268401,2869
25025,14541
1275316,3305
27687,16489
1294453,15103
178859,23118
1294653,15317
1296152,16491
1263552,2657
1293969,14606
1287418,10897
1277149,3527
207507,14916
1294415,15062
1295753,16172
1294755,15397
919194,14704
1295808,16216
1294063,14690
1295862,16252
1263551,2656
74875,14898
1294239,14869
110985,23151
25218,14674
1277140,3523
1287680,11126
1289349,12958
1293972,14612
1294432,15090
1294171,14806
1294408,15055
1264402,2747
1294317,14962
1294686,15331
1294318,14961
1294040,14680
1289715,13211
1294077,14709
1289635,13128
1287482,10928
1278330,3698
1294381,15032
1294149,14775
1244852,2317
1288943,12528
1298320,23282
1262609,2626
1294390,15036
1293992,14636
1293980,14619
1293794,14408
1283688,7433
1294085,14708
130963,23349
1287417,10896
1271154,3017
1264586,2682
1290285,13426
1270394,2988
1280326,4528
1298562,23979
1281510,5418
1278657,3773
1284908,9080
1294481,15132
1287815,11690
1294517,15168
1289042,12710
3969,19950
1290665,13635
1296639,18893
1287828,11694
1275505,3324
1294158,14791
1289059,12680
1275495,3318
1281118,5092
262731,23348
1219158,23843
1287746,11292
1293799,14413
1276195,3411
1298982,24381
1279104,3899
1293496,14144
1298094,22789
1270123,2971
1277148,3526
1298095,22790
1298973,24372
1297184,21138
1281575,5450
1226040,2229
1293905,14513
1298976,24375
1276061,3394
1294304,14940
1298975,24374
1298096,22791
1275317,3306
1271130,3015
1289429,13007
1298996,24438
1224590,2205
1298097,22793
1298998,24440
1276378,3438
1299287,24639
1281251,5192
1294557,15202
1273552,3124
1294359,15000
1299128,24507
1211449,2110
1299125,24506
1266113,2775
1271166,3139
1297183,21137
1290903,13812
1296218,16520
1295699,16131
1299130,24509
1299277,24602
1251953,2428
1299132,24512
1295693,16125
1299131,24510
1297648,22193
1296781,19289
1296782,19290
1298057,22754
1295860,16249
89656,14844
1276936,3498
1295718,16148
1294712,15351
1299281,24606
1281278,5252
1294629,15271
1297376,21764
1294519,15170
1299337,24702
1293626,14234
1291020,13902
1294110,14738
1289465,13048
1295806,16214
1296539,18266
1290904,13813
480217,15811
1294875,15515
1293918,14526
1294748,15390
1290670,13638
1294742,15383
1294878,15518
1294081,14701
1295058,15699
1293848,14460
1293727,14642
1290766,13691
1295683,16114
1295768,16182
1293464,14115
1294858,15499
1275235,3293
1295615,16062
1275507,3326
1290702,13657
1277150,3528
1275506,3444
1295734,16159
1284611,8717
1288208,11885
1276217,15039
1295735,16160
1296028,16393
1295809,16217
1295821,16230
1294015,14652
1295832,16233
1296382,16847
1270393,2987
1288901,12479
1276372,3428
1288915,12493
1295836,16238
1289128,12744
1295695,16127
1286690,10202
1294357,14998
1271650,3043
1294633,15273
1277502,3614
1289394,12971
1293758,14379
1295968,16335
1275099,3282
1295778,16194
1274530,3189
1294405,15052
1297857,22590
1289810,13279
1294013,14650
1275101,3481
1285139,9510
1297856,22589
1284941,9146
1290973,13866
1290023,13306
1274532,3191
1298897,24277
1293397,16436
1296471,17674
1294475,15126
1294011,14647
1283456,7233
1294509,15158
1288995,12611
1290907,13816
1270395,2989
1293816,14429
1293807,14419
1295679,16110
1295691,16123
1289618,13119
1293814,14428
1275318,3307
1295969,16337
1293796,14410
1294092,14714
1289714,13210
1298234,23117
1289198,12809
1293779,14394
1294471,15123
1290685,13647
1289271,12913
1278113,3660
1294047,14684
1290678,13645
1294363,15003
1289632,13125
1294510,15159
1290131,13357
1275554,3330
1293812,14426
1294139,14767
1294467,15117
1277351,3602
1294360,15002
1275320,3309
1277887,3656
1275241,3299
1293731,14346
1284743,8849
1293778,14395
1289633,13126
1293730,14344
1293800,14414
1297185,21139
1275496,3321
1289170,12783
1289266,12910
1289634,13127
1289126,12743
1290130,13356
1276729,3477
