kristal_id,asset_id
14834,
14954,1294289
25163,1289765
6309,
3042,
13781,
2900,1269365
23183,1298270
14789,1294156
2032,
13406,
13511,1290453
2270,5077
13395,1290218
2885,1266157
5100,1281127
14457,1293743
16057,
15884,
16187,
13648,1276729
3696,1278284
1666,
2276,4395
3056,
16060,
2109,
3483,1276774
16188,
20213,1296943
13990,1293328
16446,114410
1193,
6046,1282138
3536,1277284
3247,1274897
16189,
2803,1266127
14970,1294331
2851,
16190,
22919,1298140
14912,1294270
16191,
5089,1281114
1712,
5189,1281248
14893,1294252
13905,
14096,264344
14931,1294295
2908,1269380
14472,1293856
23983,1298681
3106,1273069
3654,1277885
12526,1288941
13662,212085
14407,1293793
16052,
14744,1294115
4625,1280420
3141,1273089
15849,1294857
4991,1280963
5483,1281476
2473,
1785,
13656,1290701
13732,
3263,1274926
14048,1293390
13440,1290330
14342,1293728
3643,1277863
2371,
3020,1271373
1633,
2163,
2499,
5485,1281609
2966,1269908
2815,1267536
2468,
13514,1290464
2898,1269369
25010,1299833
2918,1269340
15336,
13192,1289694
1516,
14423,1293809
2936,1269354
15112,1294461
2285,
2912,1269378
3254,1274905
15633,1295006
16140,1295710
14696,1294075
2150,
2040,
13010,1289431
14299,28690
14266,1293657
14270,1293562
14406,1293792
15006,1294366
22095,1297602
14208,
12681,1289060
13796,
15631,1295004
4031,1279364
2916,1269379
12417,114982
12380,28951
2920,1269372
2935,1269367
3212,1273111
14973,1294334
15398,
2273,224535
10136,1286723
13437,1290327
12917,1289273
13731,1283918
2282,
7069,1283260
13528,1290498
9443,1285007
2939,1269355
15959,1295506
14572,1293940
2906,1269387
2504,
25012,1299833
2928,1269376
468,
1443,
3392,1276060
2933,1269382
2759,1266101
14175,1293540
1746,
13243,1289765
2609,1263368
12519,133915
1684,
13782,
3250,1274901
3445,1276380
3313,1275315
1239,
14677,27383
5001,1280966
2161,
13964,1293315
1506,
11786,1287944
3253,1274904
13841,1290938
2922,1269368
2343,186329
13449,1290335
1200,
1040,
14367,1293748
25013,1299833
25014,1299833
2257,
2021,
2904,1269347
13904,1291031
4956,1280957
13110,1289595
6088,1282137
14205,1293568
2418,
13344,1290098
14832,1294194
2938,1269385
13724,1290804
20511,1297008
2899,1269374
15099,1294429
2924,1269384
15643,1295016
15366,1294732
2897,1269364
14556,1293940
15096,1294439
2155,
22393,1297719
13111,1289596
3259,1274922
14555,1287389
15645,1295018
18631,1296593
14798,1294165
2934,1269373
2215,
12512,4142
3243,1274894
16118,
2485,
3425,25468
12916,1289272
14907,1294275
3248,1274898
2269,5128
20906,1297122
12875,1289237
13343,1290097
3489,1276784
15261,
2283,4990
14396,1293756
2919,1269362
24178,1298766
14368,1293749
3146,1273791
14374,106432
13954,93003
541,
13478,1290385
3236,1274881
3365,1275998
14137,1293459
3260,1274923
13837,1290934
29,
4264,1279576
24272,1298892
2030,
6573,1282797
4823,1280849
5285,1281344
3228,1274702
14148,1293499
15134,1294483
16320,1295950
6572,1282796
16327,1295955
16513,1296203
4460,1280000
1940,4169
1997,26564
2274,4646
13205,1289702
9773,1285634
15882,
14348,
22397,1297723
3509,1228494
15085,1294428
14902,1294268
13675,
13218,1289723
2946,1266165
13451,1290349
2665,
2120,
2505,
2581,
14963,1294321
16162,1295742
2106,
13490,1290426
19851,1296885
2592,
3403,1276194
2422,1251924
19982,1296905
21468,1297278
2330,
2287,
13342,1290093
14161,1293524
14923,1294287
13239,1289761
2145,
2572,
4064,1279397
24637,1299285
15319,1294548
23513,1298438
23414,1298376
2308,176453
5292,1281347
13132,1289640
103,
15883,
105,
2137,
3387,1276056
16223,
13383,1290187
12952,1289340
2397,1251131
17903,1296489
469,
19785,1296882
2113,
13652,52230
2446,1257768
24275,1298895
13316,1290045
13976,1293332
12746,1289132
2421,1251923
14022,1293374
14099,
12353,1288740
2558,1262601
13932,1293258
3376,1276046
2698,26611
14371,1293752
14673,1294037
4990,1280962
3967,1279166
14883,
5715,1281972
11754,1287912
13407,1290252
13236,1289758
6092,1282137
13380,1290191
13345,1290099
14540,
13622,1290630
12514,1288934
2146,
13272,1289801
23514,1298439
3680,1278136
13435,1290317
15342,1294698
13706,1290785
14351,
13844,1290939
6047,1282139
15079,1294428
13377,1290185
6374,1282565
2667,1263555
3493,4984
13246,1289762
1727,
1992,
13073,1289571
3480,1276731
23645,1298513
13251,1287377
13382,1290186
14369,1293750
23216,1298317
2227,
15155,1294506
16135,1295705
13381,91414
14809,1294174
13317,1290050
3110,1273414
2156,
13589,1290588
14884,1294247
15389,1294747
2595,1262603
14522,1293915
13227,1289745
13261,1289782
13512,1290455
3462,1276548
13999,1293351
13463,1290364
4692,1280457
15946,1295493
1398,
13225,1289622
14875,1294244
14782,1294154
9839,1285865
13267,1289788
14507,1293894
5054,1281057
13705,1290784
12684,1289063
1499,
14338,1293723
569,
13402,79407
22721,1298053
23515,1298440
13341,1290092
13394,
23516,1298441
14136,1293459
13329,1290074
2420,
5681,1281938
16006,
4995,1280966
14873,1294243
15980,262061
13203,80998
1647,
15074,1294427
3452,1276538
14880,1294245
3689,1278294
14483,1293868
4627,1280422
14138,1293489
13676,1290739
2742,548147
13849,1290947
14876,1294244
5010,1280966
3461,1276547
14889,1294248
2967,1266175
3533,1277153
3608,1277358
3488,1276784
13530,1290504
8585,1284545
3502,1276940
14799,1294159
20543,1297025
14852,
1657,
14247,1293643
1466,
12531,1288945
2579,
21269,1297218
2583,
15028,1294376
3606,133491
14723,
14100,264344
14269,1293658
12975,1289395
13122,1289566
2415,
449,
13398,1290222
2911,1269360
13067,1289555
14199,1293563
13136,1289642
52,
3867,1279039
13420,
15192,1294548
14990,133920
9212,1285007
2902,1269381
14715,1294093
13273,52669
13268,89647
13846,1208491
1630,
1226,
5290,1281347
13736,1228772
2557,1262600
13768,1290824
13862,1290962
13278,
14837,1294176
15845,1295204
11787,1287945
13263,77667
3456,1276542
12966,1289370
14872,1294242
13117,1289616
3233,1273118
3368,1276002
14797,1294164
1242,
3771,1278534
13131,1289639
13346,1290100
24305,1298898
13767,1290821
11952,1288254
5000,1280970
5007,1280957
466,
13135,1289641
14052,1293398
2455,1257769
14370,1293751
14825,1294165
2907,1269358
11730,1287879
3172,186137
11857,1288081
3613,1277496
13448,1290336
623,
21995,1297557
14143,1293495
15715,186326
16308,1295931
14569,1293940
14783,1294154
15646,1295019
3338,1275562
4461,1280057
1572,
3367,1276001
24473,1299002
5057,1281058
3389,1276057
6152,
2248,4150
3458,1276544
3476,1276728
3512,1277113
3453,1276539
15802,1295159
15416,1294776
13845,1290940
13436,1290326
19520,1289556
12685,1289060
13607,1290600
16314,1295938
1074,
12780,1289168
2925,1269353
13971,1293327
3159,1274138
2743,548802
2909,1269359
3454,1276540
24835,1299645
14202,1293459
12943,1289331
2910,1269349
13493,1290428
14375,1293753
13534,1290508
1822,
5094,1281122
14841,1294176
15629,1295002
3455,1276541
4592,
15520,1294881
2520,1262593
13320,1290059
13842,1290911
2896,1269357
9938,1286129
2694,
7397,1283654
13778,
13204,1289499
4398,1275323
2894,1269356
3213,1273112
3616,1277504
14331,
14570,1293940
3506,1276784
12677,1289056
14985,1294345
25003,1299831
6541,1282730
4494,1280001
15554,1294946
3569,228252
89,
7399,1283656
13854,1233163
13477,1290384
5093,1281119
3391,1276059
16429,1296084
3022,1266193
3353,1275824
14398,
2321,1245235
3409,1275831
15388,1294746
13507,1290444
3328,1275508
11390,
16003,1295545
20746,1297076
2671,27240
14752,1294010
14456,1293839
14108,1293459
2744,3840
2921,1269383
3133,1273082
14262,1293642
13269,1289789
13378,1290189
3396,1276066
5486,1281610
14847,1294212
15804,1295161
2676,1263557
4724,1280519
13970,1293326
16229,1295820
19884,1296888
3610,1212262
13707,1290786
2518,1262590
14384,1293756
6242,1282400
16550,1296282
2903,1269366
13259,1289780
8816,1284710
1945,5164
13244,1289766
13324,1290065
2755,1266097
9509,1285205
15078,1294428
15290,
14833,1294195
2239,1226572
5095,1281123
6476,1282666
3619,1277527
13869,23725
9674,1285271
14021,1293373
12949,1289339
2713,4100
7500,1283720
3769,1278284
1942,3834
1504,
3241,1274891
5487,1281611
1505,
2930,1269386
8057,1283984
13864,582517
3262,1274925
9675,1285272
3868,1279056
4498,1279497
5005,1280957
13457,1290355
4539,1280332
3244,1274895
2521,
14377,1293756
25005,1299831
2164,1226216
14111,1293373
14097,1293391
2814,1267773
11928,
3340,1275553
2926,1269348
15280,1294639
3612,1277489
13370,1290156
15070,1294421
13716,5108
2889,1266159
2932,1269371
3645,1277865
3246,1274884
13857,1290961
14656,1294019
13149,1289652
15033,1294382
16164,1295743
13134,1289640
3154,1273091
18068,1295422
13453,1290351
2561,
14421,1293791
11753,1287911
4464,1280060
25008,1299833
14853,
12686,1289069
5153,1281212
13658,1290698
13447,1290335
11819,1288010
3024,1271379
4493,1280090
14838,1294198
3112,1273419
13831,1290928
13819,1290909
14176,1293374
3370,1276002
3413,1276217
13460,1287086
2943,1266163
11788,1287946
16616,1296359
11852,1288076
11621,
14038,1293379
15084,1294429
14372,49338
6011,24401
15320,
14469,89455
13296,1289998
12960,1289358
3866,1279038
5009,1280970
3179,1273097
6540,1281674
13309,1290042
2879,1266154
6148,
11853,1288077
5188,1281247
3354,1275824
2784,1267199
13870,1290976
4999,1280969
14758,1294107
3226,1274700
2578,
14992,1294352
6545,
3235,1274880
3638,1277852
5121,1281181
13944,1293260
3517,1277116
11093,
12116,1288439
25262,1300287
12778,1289099
11324,
11357,
106,
16051,1295608
12352,1288739
3451,1276532
14560,1293940
2100,
3686,1278284
13386,51750
12525,1288940
16373,1295996
15328,
14212,1293497
3242,1274892
591,
9476,1285172
2817,1266134
13661,1290700
3397,1276055
15142,
3641,1277852
15549,1294941
3255,1274900
25263,1300288
3617,1277505
2394,
13871,1290975
2436,1253259
2346,1204830
3388,1276052
3230,1273115
13385,1290188
3499,1276937
2646,1263546
5154,1281213
3053,
12580,1288993
13872,364666
3197,1274538
19059,1296689
18431,1296551
12645,1289040
3675,1278279
20745,1297076
14967,240572
13659,1290699
12777,1289166
13847,1290944
1029,
13536,1290510
14564,372014
13384,1290192
15083,1294428
13050,1289504
13336,1290086
14865,
2734,1264394
3472,1273128
16210,1295803
16516,1296214
12682,1289061
2952,1266169
3208,1274681
18464,36536
14491,1293877
5484,1281608
16115,1295676
24043,1298729
25015,1299835
3459,1276545
3223,1273113
15690,1295049
13900,
12950,1289341
6094,1282141
14027,1293377
13389,1290205
24804,1299563
14682,1294041
2312,1241154
3148,1273800
2881,1266155
2857,
1075,
7499,1283756
14474,1293860
22657,1297930
3029,1271467
14405,1293791
2954,1266171
14485,1293870
3081,
13330,1290077
1908,
3030,1271466
14915,1294284
57,
2824,1266137
14932,1294296
14433,1293820
2843,1268401
22656,1297929
3031,1271465
3032,1271464
2069,
15086,1294429
16139,1295708
3002,
1954,
5549,1281707
15886,1295428
2858,
2793,1266118
3088,
12942,1289330
2167,
2855,
2856,
14703,
13969,1293324
3674,1278278
2807,1267572
2872,
13194,
13682,1290738
2871,
1686,
2841,
564,
24511,1299133
3125,1273554
1199,
2080,
2392,
1571,
16576,1296297
14047,1293391
2838,1266141
20774,1297078
2213,
1639,
13961,1293313
601,
3311,1275322
6671,1282961
14401,1293781
2140,
13138,24781
2940,1253101
2007,
2290,1229621
13906,1291036
1744,
2516,1262591
1658,
1670,
14206,1293497
15060,1294411
2962,1269878
1787,
3052,
3019,1271156
2500,
3358,1275831
16275,1295909
3664,1278137
3025,
3145,1273556
16432,4444
3229,1274703
3055,
7034,1283225
1073,
2791,
513,
1028,
15263,
14261,1293576
2812,1267572
3051,
13040,1289444
2033,
2559,1262602
4397,1275323
16486,1296148
13877,1289343
3402,1276067
2457,
3609,1277359
3658,1278111
24701,1299336
2776,
3440,1276380
13974,1293315
14373,49226
1968,
139,
1762,
13876,1289343
13354,1290129
14011,1293367
1713,
2296,
542,
25000,1299828
2322,1241566
119,
16456,1296122
2212,1225459
1542,
1534,
25001,1299829
9245,1285040
16377,228272
2185,1222751
112,
1043,
4232,1279576
15890,1295431
1833,
141,
1238,
1852,
6080,237606
550,
1211,
1049,
3775,1278744
2186,1222751
2071,
16499,1296160
1922,
13266,1289785
122,
13397,1290221
14452,1293839
2628,1262611
515,
15950,1295497
3356,1275826
2719,1264381
30,
16604,1296326
478,
82,
2627,1262610
549,
10799,1287327
14785,1294154
14864,1294235
14462,1293850
16165,1295744
3322,1275497
1033,
2027,
2195,
2506,1257768
13703,1290783
14480,1293866
36,
13295,1289997
1795,
625,
5219,1281248
1400,
13660,1290704
1501,
1422,
3621,1277504
597,
13023,1289445
563,
1507,
14335,1293721
1031,
2165,
1769,
13873,1290972
1700,
516,
2720,1264382
631,
16500,1296161
16277,1295910
2208,1224589
613,
14828,1294190
14935,1294300
13527,81609
5021,1275447
3441,1276381
2587,
16317,1295946
4496,1280092
16318,1295947
151,
2152,1214160
2390,
3339,1275563
1488,
2174,
3636,5178
6150,
15080,1294428
1559,
581,
1626,
1946,5151
1805,
2370,
2715,1264377
14249,1293644
15264,1294623
2586,
18860,1296619
14589,379956
2570,
2564,
2284,
15954,1295501
2746,1289544
2645,
2184,1222752
2242,
2294,
166,
24603,1299278
2258,
14862,1294230
62,
2179,
6548,1282763
2244,
2300,
13441,1290331
2568,
2172,
2569,
2488,
2148,
13433,1290311
18499,1223113
3355,1275825
1654,
17805,1296482
5018,1280994
13461,1290362
17049,1296400
3281,1275102
1943,
1485,
3357,1275830
2432,
2331,
1407,
12782,1289099
14676,
14267,1293650
16402,1296046
1693,
18200,1296529
1836,
6052,1282137
14029,1293375
2077,
146,
2280,
2380,
12920,1289281
1515,
1576,
94,
1503,
1620,
1847,
1500,
21566,1297312
1999,
5016,1280985
1844,
14361,1293723
496,
15568,1294960
15468,1294832
3216,1274687
2727,1264388
16487,1296149
2862,1266150
1845,
37,
20081,1296784
13934,1293260
2594,
8288,1284215
21005,1297151
16414,1296062
13679,1290742
2076,
14966,1294324
14023,1293375
15118,1294454
16222,133658
13064,
16416,1296063
17870,1296488
1543,
2223,
1835,
1479,
14921,1294270
1632,
1318,
1792,
16382,1296007
13462,1290363
1850,
16163,
1539,
1806,
18135,1296521
1486,
2497,
5103,1280983
1848,
13231,1289748
454,
13776,36934
15956,1295503
1636,
2573,
1637,
2469,
17377,1296440
1460,
1522,
1853,
13874,51749
720,
16605,1296327
2470,
1768,
1441,
1612,
2236,
738,
152,
1210,
1494,
1741,
14327,1293669
2231,
14928,1294293
32,
1496,
13465,1290366
1502,
2232,
16385,1296010
5351,1281410
1614,
14354,1293735
13668,1290705
14253,1293646
173,
16386,1296011
16553,24288
4362,1279926
16453,1296120
2094,
5586,1281775
2028,
14010,1293366
16339,1295972
2143,
1206,
3876,135518
13955,89537
14304,1293688
3701,1278460
1405,
8222,1284149
13606,1290517
3618,224824
1531,
2382,
19,
2310,
1870,
1625,
2237,1222024
2329,
2571,
15358,1294722
2574,
50,
1728,
1871,
1911,
24041,1298727
19092,1296701
1520,
14561,1293940
13469,1290370
14365,1293746
1613,
1854,
1611,
7497,1283754
2086,
12878,1289240
23,
1819,
13739,1290816
13911,1291039
1604,
100,
3653,1277879
14422,1293808
182,
14731,1294107
16061,1295614
6045,1282137
2233,
16,
13855,983403
184,
14388,1293770
2265,
15098,1294440
1873,
12488,1288910
12711,1289099
14938,1294303
14784,1294154
15164,1294513
5101,1281128
13861,1290911
12879,1289178
15359,1294723
12944,1289332
12529,1288944
5090,1275447
5781,1281380
3644,1277864
1874,
1519,
16417,1296070
2176,
17640,26479
2051,
22755,1298058
18137,1296523
3395,1276057
3690,1278295
2173,
14248,1293576
2228,1226040
15550,1294942
13529,1290501
1425,
2363,
2403,
13540,1290517
2575,
1802,
1212,
1180,
13508,1290445
3495,1276931
14385,1293763
1048,
51,
1685,
2430,
13012,1289435
18762,1296599
17576,1296458
15429,1294789
16226,1295818
5099,1281126
16548,1296272
18167,1296528
2405,
1429,
2354,
16555,1296283
2576,
3378,1276050
1784,
1580,
5012,1275447
494,
15803,1295160
13931,1293257
14850,1294213
1731,
1748,
3624,1277692
12945,1289333
6085,1282137
577,
1041,
1903,
8454,1284447
27,
71,
1240,
21962,1297513
13908,50963
21963,1297514
14891,1294250
4466,1280062
3515,1277090
2328,
12527,1288942
13859,26870
12683,1289062
6083,114740
158,
603,
157,
6089,1282137
13142,1228762
25,
14732,1294108
2615,
13836,1290933
12789,1289182
599,
15031,1294380
64,
136,
156,
1828,
16418,1296071
543,
14362,1293743
16556,1296284
24008,1298726
14383,1293746
12787,1289179
18763,1296600
7398,1283655
14211,1293576
18764,1296601
14116,1293373
3109,1273413
14214,1293587
14965,1294323
1679,
13262,1289783
16502,1296163
1849,
13723,1290803
15961,1295508
3443,1276380
624,
15088,1294421
3513,1276784
13020,1289440
14964,1294322
14896,1294255
555,
14926,1294289
9279,1285007
2159,
1046,
4467,1280060
1952,
13678,1290741
1872,
14050,1293396
452,
1683,
18201,1296530
5550,1281346
1593,
14337,1293722
2664,
2132,
14139,1293490
1962,
3414,1276218
3448,1276386
16351,1295986
5385,1281476
16344,1295981
22688,1298016
3496,1276933
19322,1296783
14005,1293357
25230,1300155
14527,1293920
2970,1266176
14453,1293840
1189,
14982,1294342
24044,1298730
18038,1296513
18299,1296540
2194,
17016,1296393
14001,
2414,
13242,1217468
3649,672877
6312,1282468
3446,1276385
1821,
2723,
3490,1276783
2041,
1829,
2419,
2406,
14859,89655
3699,1278331
2593,
1521,
1890,
1730,
2349,
2364,
2031,
1909,
2225,
13909,1291037
14919,1294285
13858,1281641
1470,
130,
3336,1275560
1498,
2324,
5015,1280984
2471,
2404,
13963,1293314
2209,1224664
2514,1262589
1705,
2378,
2591,
3522,1277137
1540,
2703,
2398,
2072,
2168,
16046,1295603
15964,1295511
2624,1262608
1188,
2018,
12908,1289264
2451,
1732,
2286,
1736,
18696,1296596
2014,
1454,
2081,
2142,
545,
2149,
1944,
15077,1294429
2166,
2588,
1627,
2577,
1716,
14271,1293659
1804,
5585,1281774
2410,
1027,
2087,
17017,1296394
2393,
2084,
1689,
1667,
6091,1282136
2323,
5097,1280971
2222,
1807,
1584,
5098,1280971
13912,79635
2098,
16610,1296338
2299,
14792,1294159
63,
1512,
181,
1511,
2332,
16379,1296004
2438,
2082,
2158,
1037,
1510,
2338,
17243,1296424
2345,
2288,1211449
1601,
15965,1295512
2585,
1635,
1680,
1638,
2433,
2447,
2295,
1747,
2515,1262590
2260,1229622
2298,
13683,1290744
3343,1275712
467,
3027,
3028,
3026,
1237,
1241,
2201,1223970
3168,
3319,1275495
13879,1290980
3239,1274686
3667,1278264
2563,
2017,
3089,
14051,1293397
14991,1294351
503,
502,
3217,1211449
3166,
3070,
13,
1134,
2580,
2400,
2182,1222024
2136,
3184,1274011
2293,
2138,
2477,
2297,
1894,
53,
14246,1293642
483,
2582,
1695,
2519,1296544
2372,
2381,
2584,
3360,1275833
1655,
1682,
16568,1296290
2479,
25231,1300156
1524,
2339,
1631,
15966,1295513
1453,
2334,
2496,
3300,
4559,474174
2565,
1557,
2688,1264364
183,
1042,
2589,
2135,
15069,1294420
40,
2141,
2034,
2562,
2590,
2368,1250054
1674,
5013,1280970
12786,1289178
8453,1284446
1581,
1764,
2458,
2566,
2254,
1560,
121,
2417,
1045,
2115,
1487,
2494,
15595,1294980
2452,
2219,
2472,
1533,
11588,
8486,1284479
3639,1277853
2337,
11722,1287846
2234,
2134,
159,
1770,
12784,1289099
2625,1262608
1717,
24307,1298900
2230,
2302,
1745,
16381,1296006
1475,
567,
1481,
1797,
1772,
5120,1281179
14324,1293650
3627,1277839
14332,1293719
2309,1241155
1582,
1893,
2160,
1773,
3345,1275759
2567,
16250,1295861
54,
6051,1282136
607,
1735,
14310,1293696
2119,
11926,
14272,1293660
1525,
2437,
13875,1290977
15386,1294744
22097,1297604
14028,1293375
3473,
482,
120,
14897,1294256
1737,
1868,
2124,
16615,1296342
3673,1275556
13310,1290043
1823,
12282,1288604
2304,
2068,
41,
13568,1290554
2114,
59,
1729,
16352,1295987
2009,
58,
18497,1296553
129,
55,
1786,
2493,
23024,1298143
2467,1257770
2492,
2049,
1734,
2153,
1838,
1069,
2352,
1047,
1038,
1538,
25232,1300157
3099,1273063
1663,
1780,
1072,
2190,
2074,
2256,1228492
5003,
2102,
14969,1294330
2078,
2193,
2501,
2016,
2064,
2224,
3833,1279001
2238,1226571
2691,1264367
1739,
2259,
1133,
113,
93,
2263,
2362,1249118
2502,
374,
1678,
3437,1276377
2218,
5006,1280973
2305,
2315,1241567
1583,
1659,
2216,1225459
1527,
13680,1290738
13898,28815
1447,
1034,
13144,28399
1192,
3120,1273074
1513,
1387,
14774,1294147
3497,1276934
1554,
644,
1463,
3390,1276058
3342,1275711
1207,
522,
1424,
14135,1293489
16509,1296178
1803,
1071,
1204,
1187,
3657,1278110
1208,
1194,
135,
3175,1273094
1209,
565,
3203,1273106
22131,1297609
2301,
12646,1289041
1977,
1445,
1452,
17507,1296449
1216,
1178,
1444,
1426,
137,
1202,
13886,26287
3635,1277850
1262,
1450,
1664,
1472,
1215,
1687,
1203,
3487,1276783
584,
1702,
1213,
618,
2023,
1517,
4361,1279925
1532,
492,
16488,1296150
13583,1290578
11927,
493,
495,
15,
13973,1293328
1201,
16485,1296147
576,
1197,
13339,1290090
1196,
506,
1420,
1190,
108,
2604,1262605
15205,1294560
11929,
1480,
1399,
1442,
551,
1483,
13071,
1191,
546,
13853,1290960
1439,
14363,1293744
1446,
1451,
1858,
1758,
1837,
481,
1808,
7299,1283258
632,
3275,1273124
1205,
2012,
1198,
17375,1296438
1817,
4163,1279496
98,
586,
15075,1294428
1214,
1859,
13404,1290234
14174,1293544
2059,
1440,
13860,1290512
12909,1289265
1473,
573,
3320,
15337,
3655,1277886
1675,
582,
11930,
1474,
1431,
1518,
1435,
18728,1296597
473,
17309,1296427
3107,1273405
3386,1276055
1467,
1592,
1508,
13615,1290621
14252,1293647
43,
1070,
1490,
1491,
7958,
1692,
109,
1514,
1669,
1721,
1456,
532,
15476,1294840
3640,1277854
2750,4631
2010,
4495,1280091
1459,
3767,1278506
6177,27686
14107,1293459
16353,1295988
18761,1296598
14397,1293780
1809,
1493,
2596,1262604
1492,
16510,1296179
1565,
643,
1469,
566,
2015,
14929,1294294
1476,
15779,1295138
1967,
1477,
18101,1296519
1179,
1703,
16155,
3152,1273413
1984,
1615,
507,
1383,
1252,
1757,
2013,
1471,
1793,
1650,
1281,
1651,
1897,
6053,
1465,
14936,1294301
1589,
1708,
1495,
1688,
1743,
124,
2181,1222023
14781,1294154
1947,
46,
1384,
1590,
3142,1273785
3875,488074
1523,
3768,1278114
571,
457,
1551,
1406,
600,
533,
1035,
453,
554,
1759,
1602,
17376,1296439
1760,
2555,1262598
1436,
22226,1297649
38,
1423,
25233,1300158
1948,
572,
13133,1289640
1386,
592,
1624,
1536,
1701,
1032,
1951,
16449,1296113
1641,
1528,
1437,
1564,
1529,
49,
1628,
24,
1938,
558,
3652,1277878
1709,
19388,1296802
2183,1222750
39,
629,
1421,
1677,
147,
1698,
13139,26638
1549,
6,
1939,
25168,1296479
1740,
26,
1535,
14145,1293497
3284,1275103
133,
1558,
14557,1293940
21864,133960
1672,
3650,1277851
620,
86,
1994,
2073,
22988,1298191
1640,
61,
9,
1750,
4757,1279925
1575,
6079,
22,
97,
2486,1257771
1464,
15082,1294429
14849,1294195
1995,
68,
2038,
11932,
3669,1278135
1796,
1530,
3317,1275494
608,
1907,
471,
1642,
575,
1570,
17540,1296454
12914,1289240
674,
102,
19852,1296886
13885,1291002
530,
115,
87,
134,
13989,1293338
2206,1224588
2517,1262592
557,
514,
518,
574,
14454,1293841
4,
140,
13677,1290740
619,
123,
13962,1293313
13349,1290111
2117,
1489,
627,
1643,
16490,1296151
15994,1295540
95,
1963,
2556,1262599
1448,
472,
525,
630,
1644,
2056,
1673,
15081,1294428
8,
3447,1276050
15041,1294382
1030,
2060,
1600,
16422,1296077
24380,1298981
21106,1297172
896,
1588,
3691,1278294
1645,
588,
2057,
633,
1925,
446,
1537,
2058,
590,
117,
65,
132,
559,
16423,1296078
14904,1294270
3521,1277136
1950,
489,
160,
539,
465,
497,
15007,1294367
1733,
83,
1707,
2104,1211250
2055,
536,
604,
14263,1293650
21698,1297345
6110,1282235
16506,1296175
498,
22952,1298187
3471,1276579
598,
21105,1297171
519,
15479,1294843
125,
1621,
154,
19025,1296673
13820,1290910
1036,
21435,1297271
3155,1274011
512,
126,
612,
2175,
529,
535,
2061,
142,
4996,1280967
162,
531,
540,
155,
6477,1281674
13145,28843
138,
521,
1195,
20709,1297069
524,
616,
1616,
1629,
14002,1293354
2171,133984
11,
144,
1039,
2020,
2267,1226572
491,
520,
25234,1300159
2053,
517,
14971,1294332
150,
528,
1648,
11933,
1706,
145,
149,
2157,
628,
568,
148,
617,
508,
537,
3421,1275831
656,
475,
1236,
92,
615,
634,
635,
127,
3283,1275100
3682,1278282
99,
1814,
1541,
484,
14343,1293729
2022,
538,
485,
547,
2491,1257772
602,
14341,
442,
639,
1044,
16333,1295966
609,
523,
526,
553,
501,
605,
593,
2202,1223969
14879,1294244
170,
480,
1573,
614,
15967,1295515
48,
441,
570,
31,
6869,1283126
7071,1283259
636,
2639,1263545
637,
2251,
75,
477,
14613,1293973
638,
626,
1509,
476,
2054,
589,
464,
479,
2093,
10,
5,
116,
73,
101,
3,
45,
6077,
19091,1296700
3507,1277088
47,
72,
7,
2062,
20711,1297071
44,
171,
4992,1280964
2466,
76,
2684,1264360
12,
35,
67,
2025,
69,
490,
28,
461,
17408,1296442
20747,
110,
74,
104,
17608,1296461
14,
2162,
78,
169,
1765,
60,
11555,
1619,
161,
23018,1298192
66,
1668,
1595,
70,
17,
448,
1691,
1617,
17609,1296462
20750,
13640,1290673
88,
2067,
486,
487,
488,
642,
1594,
3871,
460,
658,
774,
445,
2008,
583,
443,
2096,
444,
11934,
1656,
1928,
1824,
1676,
776,
621,
622,
455,
459,
456,
111,
447,
1791,
2075,
585,
1832,
2243,
1690,
1671,
1618,
2189,
1681,
1842,
1843,
1841,
1851,
1752,
1846,
2024,
1783,
2191,
2063,
2192,
2108,
1710,
2091,
1756,
1801,
1449,
1949,
85,
1699,
2226,
15782,1295141
1910,
2019,
1749,
3312,1275323
1831,
2643,
1771,
14877,1294244
1917,
2065,
1959,
1827,
77,
179,
153,
18,
143,
1634,
56,
2118,
1989,
42,
1965,
1789,
131,
2066,
84,
2026,
2139,
1913,
1438,
180,
1751,
172,
1826,
128,
1825,
1775,
1920,
1577,
1738,
1661,
1660,
1649,
1579,
1754,
1544,
2770,1266797
3677,1278281
1715,
1662,
1718,
1902,
2052,
1646,
1578,
1966,
1587,
1497,
91,
81,
1714,
1767,
2498,
2379,
2103,
2434,
2495,
2210,
2180,
2307,
1798,
2048,
2335,
15598,29145
2261,
2336,
2351,
2095,
14881,1294241
14487,1293872
3252,1274903
2635,1263543
2070,
7827,
2790,1267201
2116,
2658,1263553
3073,
2675,1263556
2678,1264358
2509,
2654,1263550
3479,1276730
3061,
3218,1274688
3186,1273101
1742,
3642,
3251,1274902
1931,
2029,
3076,
118,
1906,
2459,
1904,
17610,1296463
1905,
2306,
2761,1266548
3167,
3303,1275314
2462,
2992,1270400
2207,1224587
2893,1269363
2923,1269350
2901,1269346
3332,1275557
11159,
11192,
3604,1277353
2891,
6049,1282141
2979,
3872,
3873,
3874,
13172,1289656
11723,
2699,
11724,
11725,
11920,
3064,
11726,
2266,1222024
10664,
9641,
19256,1296749
9608,
2735,
2511,
11918,
13947,133661
2490,
2389,
2782,
13396,1290218
2461,
2510,
2760,
2832,
2839,
2833,
2508,
2641,
2642,
2695,
2781,
11727,
11922,
14878,1294244
11921,
11919,
11923,
11924,
11925,
11931,
6308,
6311,
11728,
12248,
9575,
2507,
6638,
21,
9014,
15477,1294841
6087,
6342,
6093,1282141
7331,1281972
9047,
6149,
6151,
9707,
6275,
9542,
2729,
2399,
2313,
3069,
2700,
2475,
2650,
5516,
6903,
6277,
3057,1272134
6836,
2478,
2513,
6902,
6508,
2476,
6969,
7628,
7694,
5055,
11423,
11489,
3063,
10103,1286690
2463,
10070,1286657
15321,
10400,
10466,
2460,
10961,
3494,1276784
5289,
2416,
11291,
2474,
11258,
11060,
11027,
3059,
11657,
2424,
2554,
2487,
2692,
11225,
11293,
11693,
2154,
2693,
3010,
16514,1296204
23022,1298196
14125,1293481
3325,1275316
22921,1298142
16567,1296289
3005,
3151,1273413
3006,
23021,1298195
14435,1293821
1719,
2011,
4463,1280059
5011,1280983
23023,1298197
23025,1298198
15588,1294977
15785,1295144
2151,
2882,1269094
1774,
21236,1297217
1958,176448
16649,1296360
2876,1266152
14455,1293839
3514,1277114
3482,1276731
2701,1263558
3625,1277693
2454,1258357
17612,1296465
16748,1296369
14558,1293940
3314,1275315
16258,1237845
4998,1280967
2852,1266145
16173,36928
14874,1294243
15091,1294433
14848,1293313
24377,1298978
13949,175736
17641,237253
3683,1278283
3111,1273418
16717,1296363
13821,1290911
3207,1274681
23028,1298203
2983,1266184
13794,237120
15119,1294466
16577,1296298
14198,1293562
15094,1294437
13704,1290784
13674,1290738
18498,1296554
2982,1266183
3135,1273575
14133,1293487
14639,1294002
3083,1266205
14651,1294014
13021,1289444
3062,1266200
14890,1294249
3169,1273093
13979,1220815
1788,
3366,1275831
16882,1296385
14920,1294285
23713,1298558
3067,26786
18563,1296562
13174,131735
4231,1279575
14665,1294030
15056,1294409
3157,1273091
13946,1293287
2809,1267774
16528,131907
16498,1296159
13352,1290125
16428,1296083
5088,1280971
13022,1289445
19718,1296860
5014,1280984
13539,1290516
3341,1275711
14146,1293379
5551,1281708
5017,1280985
7070,1283258
14718,1294097
14177,1293540
3662,1278135
3531,1277114
15516,1294876
5615,1281839
23975,1298674
13113,
3150,1273981
3323,1275503
3100,1273265
14571,1293940
15628,1295001
16380,1296005
3469,1276564
12915,1289239
2435,1253101
22523,1297808
2616,1262607
18002,1296508
13193,1289696
13945,1293283
2707,1264371
13901,173694
4537,1275323
2732,1264392
13825,1290915
14615,1293974
16750,1296371
4989,1280953
14251,1293646
2711,1264375
12946,1289334
13340,1290091
13305,1290028
14576,1293946
2768,1266108
3485,1276776
2,
1,
3140,1273085
14812,1294176
12678,1289057
14933,1294297
23980,1298678
3127,1273078
14147,1293498
3410,1275447
14245,1293641
6440,1282631
1382,
4538,1279926
3468,1276563
16026,1295566
12973,
14030,1293374
6803,1283093
14282,1293669
3082,1266204
3126,1273405
3084,1266206
14957,1294289
1961,4555
3095,1273058
18003,1296509
15092,1294434
18530,1296560
13644,1290677
3516,1277115
14308,1293695
3098,1273064
3178,1273096
6082,237000
13226,1289744
3104,1273070
13143,28957
15097,1294438
24546,1299167
16545,225462
10730,1287284
12877,1289239
14309,1293696
25229,1300154
14994,
14603,1293965
3108,1273071
15475,1294839
13843,1290933
14420,1293723
21104,1297170
3615,1277503
3118,1273072
14944,1294307
18630,1296592
3198,1273103
24274,1298894
7072,1283260
14914,1294283
14632,1293961
7498,1283755
3877,1279083
13933,1293259
3202,1273105
23315,1298339
13702,1290782
1964,4063
14943,1294306
15095,1294438
13578,1290574
3532,1277152
21964,1297516
18134,1296520
14268,1293650
5027,1280953
2252,
14149,1293500
14400,1293780
10037,1286591
3605,1277354
4628,1275323
14124,1293480
2608,1262606
13175,26862
3518,1277117
20874,1297120
14173,1293540
14591,1293961
13948,1293292
14378,1293757
12876,1289238
14109,1293459
15076,1294428
16227,1265202
21436,1297272
5287,1281248
21437,1297273
3344,1275553
14172,1293540
14203,1293497
4993,1280953
18039,1296514
8420,1283258
5029,1275447
2942,1266162
19719,1296861
14307,1293576
6048,1282140
14015,
14300,1293684
14620,1293981
3465,1273125
17015,1296392
16430,1296085
22094,1297601
2828,544703
5028,1280983
3466,1273126
3209,1274529
13826,1290916
14142,1293494
2386,107562
4399,1279576
21965,1297519
3188,1274529
14559,1293940
18202,1296491
14364,1293745
10004,1286360
20940,1297136
17244,1296425
4530,1280328
13228,1289746
3257,1273119
21434,1297270
14505,1293888
3688,1277851
19190,1296725
13250,52634
5384,1281347
13173,27692
14156,1293459
4065,1279398
13978,1293334
18629,1296591
13681,1290743
16448,1296112
23612,1298511
5780,1282037
3491,1276774
3361,1275996
13289,1289988
3329,1275553
7298,1283555
15474,1294838
3291,1275233
3264,1273121
3442,1276380
16267,
14888,1294248
14777,1294151
16575,1296296
4229,1279324
6276,
3371,1276003
14871,1294241
15793,1295150
9642,135535
14773,1294147
2990,1266186
1970,4534
14492,
13059,1289535
3380,1276052
13988,1293337
15051,1294404
12281,1288604
14284,1293671
13042,1289465
24570,1299228
13700,1290771
16526,1296231
4988,1280959
12534,1288953
4534,1275323
16781,1296375
14046,1293390
11729,1287878
3393,1275831
3530,1277115
14283,1293670
4465,1280061
24339,1298971
23020,1298194
14039,1293380
3134,1273083
14104,1293456
5122,1281119
23447,1298399
14170,1293538
3474,1276714
12959,1289350
15596,1294981
13072,
25045,1299874
18501,1296555
17607,1296460
3467,1273127
13959,80364
3103,1273068
2795,
15620,1294993
16321,1295950
13950,186274
3256,1274906
13177,1289654
19586,1296836
79,
3078,1272824
2892,1269344
13620,1290628
14649,1294010
1971,225106
2277,4654
13241,1289759
3068,26754
23249,1298318
14955,1294313
3237,1274882
13182,27539
3269,1275072
13991,1293343
16407,1296053
23250,1298319
19355,1296785
19356,1296786
16574,1296295
19883,1296887
14376,1293754
14934,1294298
17310,1296428
13966,91415
14490,1293876
14229,1293621
15850,1295237
22391,1297717
1704,
12489,1288911
15018,25318
22392,1297718
23481,1298436
15482,1294848
15654,1295030
20941,1297137
13283,1289982
2804,1266128
15357,1294721
22358,1297716
11695,1287829
13690,1290761
23579,1298475
14509,1293895
16274,1237845
13307,1290040
3187,1273102
3016,1266192
13720,1290792
15698,1295057
13981,1293290
2772,1266110
18959,1296654
14160,1293523
2726,1264387
17573,1296456
14692,1294065
641,
13952,1298984
13276,1289804
13176,572870
1973,4549
3023,1271378
15495,1294856
24471,1299000
16014,1295555
13217,1289722
20312,1296961
13422,1290281
13256,1289787
14232,1293624
16181,1295767
13291,1289991
24174,1298762
17611,1296464
18333,1296543
2391,107351
12017,1288340
2721,1264383
16319,1295949
13650,1290687
14583,1293388
13653,1290695
2883,1269095
13643,1290676
14574,1293946
3011,1270687
1794,78281
21967,1297522
24276,1298896
8123,1284050
3034,1266195
16881,1296384
4196,1279573
14776,1294150
3136,1273084
3234,1274879
3240,1274890
22491,1297807
3346,1275818
21968,1297523
3460,1276546
13937,1293277
13958,79646
15484,1294850
10798,1287326
12517,115092
17639,1296467
15144,1294493
2799,1266123
13535,1290509
15339,1294696
13709,1290787
15037,1294391
777,
13062,1289538
1478,
24312,1298905
14743,1294114
3603,1277352
15029,1294378
24536,1299157
2712,1264376
5286,1281345
15262,26243
2413,1225458
14640,1294004
13178,27261
20313,1296962
13052,1289506
13968,101265
15881,184625
14686,1294052
16401,1296045
14901,1294267
14863,1294231
1974,5035
2333,1241565
13275,1289803
24540,1299161
18035,1296510
24539,1299160
14389,229218
3231,1273116
14237,1293628
18531,1296561
2976,1266180
2778,1266115
13415,1290270
2385,106917
23613,1298512
20315,1296964
2369,1250054
18037,1296512
12745,1289131
4693,1280478
14668,1294035
2915,1269375
90,
16614,1296342
14157,1293515
13521,1290477
13531,1290505
2884,1266156
13710,1290788
14538,1293926
13984,1253262
13179,1289655
14742,1294113
14740,1294112
2822,1266135
2619,28695
13438,1290328
2848,1266144
14424,1293810
3181,1273099
13941,1293281
15589,1149600
15680,1295039
5008,1280982
17907,1296490
12976,1289407
1975,224906
13654,1290696
13471,1290376
2917,1269352
13414,1290269
13116,1289608
12485,1288908
6314,1282499
23646,1298514
2948,1266166
14386,237594
5096,1281124
2973,1266179
13487,1290402
13489,1290404
14045,1293389
24543,1299164
14098,1293455
5191,1281250
13486,1290405
13824,1290914
13533,1290507
15887,1295163
14013,173860
13492,1290427
13416,1290271
14105,1293457
3147,1273090
20875,1297121
15487,1294853
2741,1264400
13151,1289661
14986,1294346
13147,1289650
13993,1293345
8090,1284017
13051,1289505
13232,1289749
2905,1269345
17278,1296426
13308,1290041
3058,1272135
13520,1290476
2709,1264374
8354,1284281
14988,1294348
3163,1273092
2341,1290126
13327,1290072
16078,1295668
13863,1290965
22129,1297607
2730,1264390
13195,1289697
15276,1294637
13196,1289698
14669,1294036
14230,1293622
3093,1273056
3085,1273054
2977,1266181
2802,1266126
3101,1273278
2978,1266182
13046,1289477
13322,1290063
22792,1296059
13121,1289565
2738,1264397
13188,1229153
3258,1273120
14974,1294335
15912,5026
13882,1291000
13219,1289733
13334,1290084
3096,1273061
6209,1282334
23381,1298340
13237,1289759
13045,1289476
1976,5219
3117,1273420
16437,1296096
13221,1289735
3094,1273057
2739,1264398
2957,1266172
16472,1296130
17706,1296476
2718,1264380
9410,1285106
15349,1294710
13458,1290356
3210,1274686
18926,1296640
14353,
11688,1287813
3665,149207
2607,1233122
2440,5235
15058,1294413
3122,1273076
7364,1283621
13124,1289631
15256,1294615
2895,1269377
14894,1294253
2929,1269342
24545,1299166
2805,1266129
14482,1293867
20378,1295937
6506,1282697
2794,1266119
8321,1284248
13439,1290329
2275,474149
14439,1293833
3071,1266201
15318,1294678
3014,1266191
13495,1290435
14895,1294254
1979,4559
2731,1264391
13834,1290931
2325,
3033,1266196
9806,1285733
2753,1264405
15396,1294754
3049,1271824
13220,1289734
3177,1273095
14523,1293916
3285,3833
13208,1289653
5318,1281377
15343,1294700
2503,
3204,1273107
16581,1296298
2728,1264389
14018,945729
3156,1274012
24306,1298899
15488,1294854
15071,1294422
14210,1293575
2177,1222628
13413,1290268
3301,1275250
2598,1226744
13509,1290446
16241,1295842
13828,1290918
3420,1276239
2348,133907
22923,1298144
3123,1273077
22922,1298143
6313,1282467
3199,1273104
1978,26479
2465,1251952
2613,23606
14922,1294286
3185,1274396
13053,1289508
13833,1290930
14041,1293381
3132,4004
24309,1298902
15483,1294849
12947,1289335
8783,1284677
14103,1145821
2423,4407
15210,1294563
15114,1294463
13009,1289430
1484,
14644,1294007
14478,1293864
4955,1280948
2722,1264384
2668,1263553
2633,5237
24311,1298904
2004,4940
13417,1290272
14436,1293822
14892,1294251
3180,1273098
10763,237117
10235,1286888
2178,1222629
13412,1290267
3679,494283
13446,1290334
15260,1294619
12578,1288982
2748,1264403
14438,1293824
13294,1289994
2877,1266153
2464,1258356
2951,1269662
2717,1264379
13410,1290226
2450,186327
13222,1289736
13543,1290528
12964,1289365
15970,1295524
2340,186257
2647,1263547
15630,1295003
2610,23741
12776,1289165
3097,1273062
3870,1279082
2357,1022798
13467,1290368
2955,1266168
2714,1226040
3211,1273110
16913,135451
3700,1278459
16607,1296335
14533,1293922
14473,1293857
2834,1266139
6575,1282832
3176,1273094
13180,945719
14387,1293769
1980,5224
3182,1273100
2792,1266117
3079,1266203
12533,1288947
12951,1289342
3232,1273117
4691,1280477
12679,1289058
13466,1290367
21830,133972
3932,5228
14794,1294161
2991,1266187
14866,1294236
2763,1266105
2960,1266174
4529,1280327
22788,1298093
3273,1273122
2811,1266132
3377,1148099
2888,1266158
2766,1266106
13348,1290110
16522,1296226
24636,1299284
3966,4318
2745,1264401
14996,1294355
3381,1295736
13479,1290386
24472,1299001
2886,185690
13201,4674
3965,4286
2777,1266114
6341,1282532
3416,26311
14418,1293806
13670,1290714
3278,1275098
12923,1289284
15795,1295152
14201,1293565
14281,130756
14233,1293625
14867,1294237
6316,1282501
3383,966926
2801,1266125
14290,28682
1983,474174
14277,1293668
14273,1293661
3384,4688
2944,1233615
13146,1289648
14645,1294008
14303,1293687
13234,1289754
2686,1264362
13639,1290671
4527,24547
16409,1296060
14197,1293561
14311,1293697
10796,1287319
12968,1289376
15498,1294858
2638,1263544
2796,1266120
16122,1295690
9179,1284974
14691,1294064
2806,1266130
2255,1228493
14689,1294061
3086,1273055
14659,1294027
3382,4868
2771,1266109
17012,1296389
14236,1293627
15478,1294842
13277,1289809
6935,1013206
15207,1294562
14200,1293564
17441,1296444
14274,1293662
14730,1294106
12480,28241
14442,1293837
2758,1266100
14275,1293663
5087,1281113
3385,207736
15472,1294836
15160,1294511
14302,1293686
2359,3955
4658,1280458
4526,4470
15805,1295162
12969,1289392
3401,4043
6310,1282466
15441,1294801
12350,1288737
14989,1294349
2835,1266140
13637,1290669
12970,1289393
14801,1294167
2950,1269339
80,
14250,1293645
16611,27793
13942,1293282
14697,1294076
13532,1290506
15548,1294940
13216,1289721
14698,1294078
15618,1294991
13488,1290403
114,
3400,4150
3224,1273114
13207,4922
13633,1290663
2618,25280
3407,25093
1766,
14264,1293655
3274,1273123
2649,27154
13373,1290159
2673,230610
13455,1290353
3129,1273080
4535,3889
3408,27568
2631,25538
3013,1266190
3418,25299
3419,26999
2622,225098
15151,1294501
14763,1294134
16979,1296387
24638,1299286
2808,1266131
2860,1266147
14163,1293526
15987,1218523
14800,1294166
16049,1295606
13315,1290044
17908,1296490
15285,1294645
13605,1290598
3774,1278743
2644,135780
3426,1264571
13452,1290350
2762,1266102
2945,1266164
4856,1280684
14565,1221706
2890,1266160
2489,4975
13459,1290357
14441,1293836
14772,80465
3429,27421
3607,1277357
2797,1266121
2961,26730
2634,1262612
3090,
7464,1283720
2865,1266151
12182,1288505
3352,1275823
2705,1264369
13730,1290646
6739,1283028
13297,1289999
14158,1293516
14323,1293707
15034,1294383
2614,24638
3261,1274924
25166,1293856
14681,1294041
13379,1290190
2725,1264386
13910,1291038
13992,
13494,1290429
14506,1293893
14014,1290202
2292,1239688
14597,1293963
13977,1293333
13456,1290354
2813,1267572
2599,1260832
14925,1294289
13454,1290352
15005,1294365
3037,1266197
23711,114978
14550,1293936
3505,1277083
13442,1290332
7166,1283390
24308,1298901
3492,1276784
13304,1290027
2953,1266170
2840,1266142
2959,1266173
3227,1274701
2773,1266111
2687,1264363
13537,1290511
15626,1294999
14885,130910
3045,1266198
2677,1264357
14945,1294308
12484,1288902
3170,1274294
5024,1281014
2780,1266116
16562,1296287
14930,26991
2754,1264406
3000,5072
13323,1290064
15107,1294068
2689,1264365
13198,4523
13274,1289802
14631,1293989
4130,1279463
2816,1266133
1987,5160
2825,1266138
3001,1266188
2949,1266167
13123,1289628
2785,1267197
3121,1273075
3119,1273073
13390,1290206
6475,1282665
14780,115508
3137,1273086
1986,176442
2844,1266143
1988,26557
14979,4217
14231,1293623
2652,1263548
14927,133628
1990,5017
15644,1295017
15140,1294489
5026,173344
2696,1264368
14625,1293986
15363,1294729
1998,224846
23844,1298591
16508,1296177
15627,1295000
2000,4462
13464,1290365
16151,1295724
14562,1293941
14678,1209985
7199,1283423
5319,28771
13137,1289644
2965,1269879
5002,1280971
640,
2969,4778
15944,1295491
14727,1294104
16512,1296202
14764,1294135
3012,1266189
3021,1266194
2679,1264359
3074,1266202
16177,23889
12788,1289180
2710,1264373
2972,1266177
2685,1264361
15020,25483
2823,1266136
2388,927891
3138,1273087
5420,1281512
3130,1273081
2985,1266185
2974,1266178
2941,1266161
2708,1264372
15139,1294488
2800,1266124
2706,1264370
13960,1293312
15649,1295022
2767,1266107
2798,1266122
3423,1247121
15026,27478
2002,4193
2409,
3102,1273067
2861,1266148
5582,1287449
3128,1273079
2854,1266146
2757,1266099
3048,1266199
2737,1264396
2733,1264393
16518,1296216
2003,26548
14917,225124
13684,1290733
2375,133876
1991,5019
2408,
2751,
12414,1288802
7463,1283555
2412,
3484,1276775
7496,1283753
1652,
3364,1275997
5648,1281905
4497,1280093
7562,1283819
7466,1283722
7265,1283522
8255,1284182
3659,1278112
15027,28603
2005,225542
1653,
2396,107167
1433,
2383,106656
176,
1461,
1427,
1434,
2407,
2411,
5056,178998
7465,1283721
15200,1294555
2621,
2196,1223971
6772,1283061
7529,1283258
6771,1283060
3449,1276387
15042,1294395
1711,
177,
2395,107006
174,
1482,
1462,
2401,
1790,
1430,
1665,
12781,1289169
3436,1276374
1623,
2099,135710
5102,1280984
14626,28176
3348,1275819
4164,1279497
3628,1277840
3629,1277841
13068,1289559
3337,1275561
6574,1282763
3676,1278280
3508,1277090
3661,1278114
6086,1282202
3335,1274362
3334,1275559
3681,1278280
3770,1278533
6090,1282136
6084,1282136
6044,1282136
13106,1289594
3304,1275315
4536,1275322
5291,1281348
4230,1279574
4262,1279827
4994,1280965
3315,1275447
3637,1277851
5320,1281247
4066,1279399
5288,1281346
6407,1282598
3534,1277154
3648,1277850
3359,1275832
3379,1276051
3470,1276565
3869,1279081
1428,
2249,4043
3663,1278136
3092,4964
3349,1275820
3630,1277842
6770,1282961
2006,26597
7068,1283259
7067,1283258
3694,1278304
6050,1282137
3734,1278473
3697,1277886
3153,1274005
12349,
4400,1280001
9872,
16178,1295761
4462,
4533,
2774,1266112
8189,1284116
16179,1295762
13185,25498
8156,1284083
2402,
1432,
14622,1293983
3463,1276549
4659,1280457
3072,1272658
5583,1280718
15073,3856
6704,1214120
2036,26575
15153,1294503
14956,1294314
15364,1294730
3087,237538
15265,1294624
13734,1290808
2039,207737
25164,1293771
12962,3826
14814,82428
17078,1293689
5584,1280717
13181,27442
16557,212719
16716,263235
13777,263392
13271,1289792
10268,1286921
14542,25036
14260,1293649
2272,474155
14592,1293958
14842,90899
12963,174360
6473,1224
21302,1297234
11655,27973
14493,1293878
13725,25562
12922,1289283
23877,1298630
14638,1293994
15089,1294431
13265,1289784
12347,1288736
14063,1293422
14228,1293620
2878,1269015
14628,1293987
5813,4140
22325,1297715
8750,1284644
11985,1288109
15365,1294731
13281,1289977
14765,1294136
6968,22840
13187,28126
24767,1299395
13729,1169037
8519,470485
5847,1282103
3105,
3432,24255
15465,1294830
8552,1088563
12961,132178
14769,1294141
7959,116259
2123,231040
5879,132494
24768,1299396
2122,133437
13008,179066
6507,1282698
14500,1293884
15333,1294688
2121,231042
2050,26356
15652,1295028
13735,79865
15110,1294459
16718,1286183
17906,1296490
9278,4337
13788,184313
14710,1294088
5881,26935
2445,1257773
2611,23720
13215,27243
11654,1232204
13770,185305
24042,1298728
11936,135353
25171,
16183,1295769
13775,1290829
2262,
15004,1294364
15978,1295526
23977,1298676
2623,470710
15143,1294492
2214,133990
12215,24154
13714,185178
15043,1294396
16004,1295546
3113,135774
3116,135595
2327,
13183,1273615
12250,1288506
13721,1290793
2203,1223969
12249,1215673
2279,3817
14196,1293560
13728,1165582
16129,1295697
12149,135074
14403,1293785
12316,1288643
14882,1294246
13785,25708
3046,1211252
10301,970232
12317,1288644
13152,1289662
14297,1293682
12481,1246137
13784,29172
5978,26264
12491,1288913
2278,26561
13206,4873
12522,4394
2316,116659
24313,1298906
2289,149419
15329,1294684
12530,5243
3422,1276242
9377,1285073
14286,1151890
15014,24166
13774,1290828
13069,1289560
14685,1294051
15156,1294507
2439,26541
15442,1294802
15146,1294495
16427,1296082
7133,1283357
13024,1289446
13769,134520
14256,73928
13191,25994
2350,1247440
3018,1271155
6315,1282500
13018,28617
14618,78568
13773,1290827
2281,225670
1574,
2111,1211600
15443,1294803
13789,186108
9113,29165
15392,1294750
1914,5194
15444,1294804
2999,4908
13779,26861
1916,5161
15393,1294751
14257,73925
15957,1295504
13790,1287374
1918,5230
15266,72011
15361,1294728
13787,1290832
15963,1295510
15394,1294752
1919,5156
2512,5137
13793,1290834
14739,1294111
15852,1295239
1915,5229
15101,1294441
13795,237191
13056,4894
14664,1294029
15059,1294414
16169,1295750
15163,1294513
13786,114036
2326,
15405,1294766
13881,80355
13799,1290835
1923,5233
16225,1295817
3009,27851
13792,1290833
16146,1295716
14821,1294183
13791,185015
14693,1294069
3008,23654
15277,1294637
1926,5032
13797,237113
15269,1294628
14573,1293946
14667,1294033
16315,1295942
13058,1289534
13798,1290432
13818,474166
12941,1171270
15102,1294452
16237,1295835
13224,1289737
14717,1294095
14831,1294193
1929,26512
16307,1295930
16013,1295554
1934,4173
16946,1296386
16186,1295776
15885,1295427
2849,1268432
1935,474175
16515,1296213
13063,5141
13985,1293336
16326,1295954
14790,1294157
15985,1295532
14905,1294271
13737,1290814
3038,1271619
25098,1299833
16176,1295760
2875,28508
16411,1296061
15888,1295429
16549,1296281
16016,1295557
15788,1295146
16239,1295837
20412,1253088
1930,224867
15878,1295423
16149,1295721
20279,207925
15124,1294473
1932,5234
16015,1295556
15120,1294468
13880,82427
16220,1295812
16507,1296176
16185,1295775
14582,1293953
15714,1295073
16394,1296029
15889,1295430
14858,1294227
16378,1296003
2947,241703
16338,1295971
16517,1296215
15274,1294635
16044,1295601
16391,1296021
15789,1295147
15806,1295163
2319,3904
16212,1295804
16395,1296030
13673,1290737
13822,1273618
16168,1295747
13070,1285377
16154,1295726
15116,1294466
14846,1294211
1933,4153
15494,1294855
14575,1293946
13809,1290850
14980,1294340
15186,1294544
13987,1293336
20642,186390
1941,4081
17111,1296407
16124,1295692
15287,1294648
16403,1296047
13803,1290844
14829,1294191
16043,1295600
15784,1295143
16495,1296156
15104,1294454
14359,1293738
15517,1294877
16047,1295604
16511,1296201
3433,25279
14716,1294094
13840,1290937
16543,1296265
15345,1294702
15713,1295072
16493,1296154
17606,1296444
16524,1296228
16494,1296155
13738,1290815
16045,1295602
13065,186349
15040,1294393
16134,1295702
13986,1293336
14366,1293747
16523,1296227
14519,1293911
17047,1296398
15284,1294643
16025,1295565
15807,1295145
3450,1276531
16542,1296264
18136,1296522
13184,1289657
14733,1294109
16132,1295700
16606,1296334
13199,134518
9740,135527
12785,1289177
14643,1294006
16027,1295568
1981,26532
15341,1294697
24382,1298983
14712,1294090
14280,131442
15787,1295145
16213,1295805
16880,1296383
16525,1296229
16441,1296102
2303,26378
3144,28489
14381,1293760
3405,27226
16158,1295733
1969,4964
14793,1294160
14293,253678
16445,1076448
14746,1294118
14795,1294162
25033,1299857
17050,1296401
15783,1295142
12492,1288641
16171,1295752
7431,3839
14291,25261
18695,1296595
1972,5179
13200,4673
14749,1294121
16235,1295833
15251,1294610
3160,1274151
16405,1296052
14295,1293675
10334,133998
13230,1289743
14166,1293528
16128,1295696
12315,1288640
16246,1295855
10499,973387
14802,1294168
13190,160223
15496,1294857
15460,1294824
16532,1296240
16354,1295990
16450,1296114
15792,265149
16529,1296232
3161,228077
13240,1265199
10598,970239
16442,1296103
3415,23833
22787,1297976
3164,1274014
14306,1293694
22029,1297560
13233,26070
22398,1297724
22399,1297725
16541,1296263
25048,1299877
15846,132335
17970,1296498
19784,1296881
12842,1286177
24273,1298893
22030,1297561
15157,1294508
15847,184273
13245,90545
6544,24946
22724,1298056
25132,1300082
20741,1297072
13186,1289658
24998,1299827
24999,1299827
25002,1299830
14778,1294152
12956,175239
25016,1299836
25017,1299836
2318,4206
25018,1299837
25043,1299872
10532,970327
25064,1299890
13249,1289774
25173,1300084
25130,1300080
25174,1300085
15780,1295139
25031,1299836
14289,24348
6970,1282928
14446,25894
14477,1293862
16384,1296009
7832,28794
13247,1287362
24966,1299726
10697,1283885
14459,1293844
2606,5191
25032,1299836
24769,1299397
13238,1289760
25006,1299832
13270,1289786
1912,5239
25007,1299831
16340,1295973
14294,1293674
25034,1299862
13252,1287381
16387,1296012
10565,474147
16388,1296013
14254,73915
25009,1299834
3520,896789
13254,1289777
15990,1295536
15650,1295023
21533,1297301
10800,174363
15387,1294745
17771,184813
13257,1289778
6936,1282863
7826,1283918
16180,1295749
15686,1295045
3685,1227081
15691,1295050
8948,1232589
15982,1295529
15692,1295051
16497,1296158
1924,26545
25170,1289651
13248,1289773
16438,1296097
15983,1294215
14481,133340
15695,1295054
17014,1296391
14458,26329
18992,1296667
15794,1295151
17969,1296477
17672,1296468
15696,1295055
15949,1295496
13255,1289539
11456,28040
21732,1297348
2630,25980
14475,1293861
18203,1296491
20748,1297077
17673,1296469
14546,90366
23943,1298673
11656,1287779
15969,1295517
6837,1275829
16396,1296040
15408,1294769
18233,1296531
25011,1299834
15968,1295516
15407,1294768
16571,1296293
15614,1294987
13258,1289779
11522,230457
16530,1296233
6474,1282664
18301,236743
25047,1299876
20708,1297068
15409,1294770
21535,1297302
11721,474902
17738,1296478
6738,135780
3249,1274899
2632,23645
11935,135642
25165,1294208
7135,1283359
20710,1297070
2617,25234
24439,1298997
24176,1298764
20744,1297075
14593,1265198
15615,1294988
3772,176374
14910,1294278
15412,1294773
3968,1279167
14409,1293795
16503,1296164
14719,1294098
21930,1297482
3183,1274339
14788,133822
12579,1288992
15746,1295105
14463,1293852
15616,1294989
2787,1267198
15278,133735
3424,244032
15413,1294774
15068,4059
2651,25544
22722,1298054
15154,1294504
14845,80352
5004,1280972
14319,28730
2662,24193
2605,4944
15415,1294775
15617,1294990
15552,1294944
15423,1294783
18365,1296547
2358,1221982
7595,135349
2425,
13965,216439
2271,474156
15624,1294997
15553,1294945
14497,215842
13235,1289757
16539,1296261
13975,134243
16492,1296153
14754,1294124
15419,1294779
25167,25280
15555,1294947
14464,1211394
2361,1248901
14445,1240087
15622,1294995
14008,1293360
14511,104805
15421,1294781
14468,1293853
22458,1297805
14451,1276049
16170,1295751
15556,1294948
14019,25773
18466,70754
18500,1223113
23647,1298515
18597,185370
15422,1294782
15557,1294949
2620,1226768
15623,1294996
14563,1293942
14755,1294126
15424,1294784
15425,1294785
14330,111121
23909,1298631
13967,77288
7830,228270
3245,1274896
2629,28693
15558,1294950
14567,258044
14820,1294182
22293,28995
13982,216574
14313,194604
21368,1297236
15634,1295007
15012,26791
2169,133983
15648,1295021
15560,1294952
3684,1226146
14012,115106
3511,1277112
14843,80018
3201,28600
23976,1298675
14827,1294189
15426,1294786
14009,63458
3623,1277691
14317,25691
15681,1295040
14942,1295759
24802,1299562
23152,1203253
3205,1274680
14322,1293701
23978,1298677
24470,1298999
15106,1294456
16474,1296133
16175,1295755
14887,25140
2661,27750
23981,1298679
16504,262673
23982,1298680
13141,25277
15111,1294460
14736,261971
14724,1294101
2683,3838
3519,25188
14016,1293372
14658,1294026
15201,1294556
15551,1294943
16527,1296230
3430,27668
24045,1298731
2674,588812
24206,1298818
15697,1295056
15571,1294963
3214,4432
2845,1253088
16236,1295834
96,
23283,1298321
16480,1296140
15810,1295166
14020,29140
16473,1296132
15093,1294436
14329,264628
16240,1295838
14959,1294316
12957,4060
15592,184860
14683,1294046
15195,1294551
14032,5192
16193,184489
24378,1298979
15570,1294962
15197,1294553
14521,1293913
15572,1294964
107,
14017,28432
15431,1294791
18894,1295524
15573,1294965
15400,1294761
15432,1294792
1936,4166
14036,4258
21834,1297477
13980,1293329
15574,1294966
14786,1207476
20049,1296923
14607,78444
14025,184971
24173,1298761
15437,1294797
2360,133527
14508,72370
15418,1294778
13685,1290753
14960,1294288
14102,264344
14532,90985
15433,1294793
18961,1267040
15428,1294788
657,
16496,1296157
14657,134323
15575,1294967
13848,1290945
15152,1294502
14243,1293638
14488,1293874
19157,1296724
14167,1228772
24177,1298765
15322,1294679
3475,26971
15485,1294851
24571,1299229
2866,1204823
7596,135333
14726,1294103
12216,1288538
22260,1297683
14466,24915
15348,1294709
11986,1288274
16558,24449
20316,1296965
12483,4216
15145,1294494
15204,1294559
19421,1296803
16559,85524
16245,23790
14209,1293572
15196,1294552
14695,36932
16565,77013
14498,78765
2829,225208
23480,1298435
15335,1294692
16551,36197
14217,1293557
21467,1297277
12523,966928
15438,1294798
2769,4843
14741,1186129
2831,1205848
16564,77658
13043,133828
14529,1289755
24899,1299659
7828,132539
23482,1298437
13403,1290225
16563,62611
22394,1297720
19652,1296858
21203,1297216
14661,26766
14026,185334
13801,473186
20576,1297027
15203,1294558
15647,1295020
12318,1288645
14817,1294179
15122,3855
15651,1295024
20246,1296944
2250,5176
16579,134275
20411,1296992
12415,5123
14939,24244
15113,1294462
15682,1295041
14544,1293935
3007,28082
5193,1281252
13522,1290478
14035,1086004
22490,1297806
21500,1297291
16572,29085
3222,29080
14352,36921
14140,1293492
16174,1295754
16195,27424
20675,1297046
14049,4861
14336,25177
15683,1295042
15061,131121
20314,1296963
14350,92655
14461,1293849
16573,1296294
16582,1296299
16119,1295688
14031,4883
15684,1295043
15015,27274
22096,1297603
15685,1295044
14357,1293737
15105,1294455
2931,1269351
25172,4407
15566,1294958
14034,133882
14803,114258
15687,1295046
3221,24219
14129,224331
15689,1295048
15147,1294497
14987,1294347
2355,26570
25169,216439
15011,26755
14347,115092
15194,1294550
17276,246962
15410,1294771
15693,1295052
16330,1295961
13506,81031
14171,207513
2092,3933
15449,1294812
15694,1295053
3075,114996
14839,1294208
15417,1294777
15218,1294577
23777,1298560
7893,116253
14101,186260
13523,133956
19454,1296804
2344,135715
14868,1294238
13476,4299
14292,1293676
14586,4456
14425,1293811
16166,1295745
17614,176458
22130,1297608
15420,1294780
3238,474163
16167,1295746
19489,5020
2827,224055
3265,1210695
13525,1290497
14242,1293633
22128,1297606
15427,1294787
16156,1295731
16228,1295819
24504,1299126
3439,1276379
3066,1261637
16120,1295689
2702,132342
15048,1294401
2342,186264
17574,1296457
19490,1233125
16144,1295713
15188,1294546
13049,3949
13400,1290224
14548,251680
2818,5220
14162,1293525
24505,1299127
3504,1277082
15430,1294790
15268,1294627
13260,1289781
16334,1295967
3267,3998
15434,1294794
8387,1208815
15436,1294796
3268,1275066
15446,1294809
15198,26772
14534,1293923
15448,1294811
13284,1289983
23019,1298193
17613,1296466
15447,1294810
3271,4494
15459,1294823
18300,1174640
15100,1294442
16348,1295983
3270,4687
15955,1295502
2837,5055
15473,1294837
18465,71141
15480,1294844
2913,1269370
2975,1270182
15486,1294852
3272,3830
17311,1296429
3276,1273611
15621,1294994
3280,1232590
15632,1295005
23027,1298202
3277,1275097
19554,1289556
13472,1063915
2847,4501
14033,133991
14276,79169
16749,1296370
15786,133921
15561,1294953
19885,1296889
22259,1297682
14044,1293388
13519,212795
15562,1294954
3651,27425
14539,1293340
15567,1294959
17936,1296496
17937,1296497
3286,3832
16150,1295723
2663,28926
10434,1151907
15563,1294955
6705,1282994
13956,1293295
15564,1294956
18794,1296602
15565,1294957
15569,1294961
13569,85631
15791,1295149
3287,4552
14566,82348
2131,133435
15047,1294400
15796,1295153
16580,133663
14531,81565
4097,474150
2427,3836
15799,1295156
2442,4026
15519,1294879
15128,1294472
15108,1294458
14552,1293937
4394,488074
13524,133503
14165,207498
2126,133879
15797,1295154
15798,1295155
15800,1295157
13500,1290440
15072,1294423
15801,1295158
14590,1293957
3289,4731
3687,1278285
15044,1294397
15050,1294403
15046,1294399
13544,176444
14535,1293924
15045,1294398
15399,1294756
3174,135502
14334,1293720
2914,1269361
15401,1294762
14349,1293733
24932,1299692
3290,223570
15402,1294763
14836,1294197
23678,1298516
21966,1297521
6547,270470
15403,1294764
15404,1294765
19060,357113
1993,4919
13504,1290436
15406,1294767
15440,1294800
14131,26472
15435,1294795
13516,1290472
15281,1294640
15257,1294616
15258,1294617
13573,133847
4295,4992
18332,1296542
25019,1299838
2867,26600
15851,1295238
3347,26369
24800,1299560
2037,26540
16257,1295866
15584,1294974
15445,1294808
14207,1293555
13538,224812
20114,131301
15453,1294817
11856,1288080
6178,25684
15450,1294814
15451,1294815
1982,5163
24803,1299562
2779,1067043
1921,5238
15452,1294816
2311,1289791
13571,101274
18334,1296545
3327,4553
24807,1299566
13061,1289537
15454,1294818
14278,185119
15457,1294821
19124,1296702
15455,1294819
17474,1296447
15880,1295426
15456,1294820
14216,1293556
20147,1296933
13513,1290463
16682,1296362
15458,1294822
2001,224191
15463,1294827
15464,1294828
3362,23825
8651,27405
24437,1298995
15461,1294825
12974,116250
14239,255167
13526,133946
15462,1294826
3406,27117
15945,1295492
15947,1295494
14218,1293570
13570,103614
15948,1295495
15953,1295500
15952,1295499
1955,4994
23026,1298201
17475,1296448
13574,100965
17144,1296408
14312,1033320
21997,1297558
14279,176539
15951,1295498
15469,1294833
15467,1294831
15489,184917
14288,588817
15470,1294834
15471,1294835
15958,1295505
15141,1294490
16349,1295984
13107,969844
15960,1295507
2353,1229622
13572,61783
15641,1295014
2640,134043
16231,1295830
5912,27906
2937,1269343
15636,1295009
2200,472755
22028,1297559
3427,240953
13109,27338
14501,212737
14241,92584
16609,1296337
22031,1297562
1960,5153
15638,1295011
6176,896766
15988,1295534
22400,1297726
15635,1295008
2429,
15637,1295010
15642,1295015
15911,5028
15991,1295537
1985,224470
18036,1296511
16561,28808
15989,1295535
8024,133884
14609,24789
15992,1295538
16408,1296059
15639,1295012
15640,1295013
15993,1295539
3666,470544
13347,1290105
13264,82352
25004,1299831
14476,4680
2441,4227
14213,1293586
13576,1290558
13353,1290128
15913,26077
24965,1299725
21107,1297173
6078,1282169
16424,1296080
15688,1295047
1996,5162
1957,4544
13280,1289811
25036,1299864
25042,1299870
10862,224170
25037,1299865
20611,1297035
3647,25916
13285,470590
25038,1299866
25046,1299875
14489,1293875
25065,1299892
2821,4282
19751,263869
25067,1299896
25068,1299897
25196,1300135
14314,1293704
14517,1293909
2998,4862
17048,1296399
13579,1290575
13282,1289978
16475,1296134
16457,1296123
5846,24118
15466,1294829
24314,1298907
15212,1294564
16814,1296379
24805,1299564
2107,896692
1953,4564
2927,1269341
17045,1296396
14641,1294003
13580,1290576
16157,1295732
16208,246834
15193,1294549
1956,5195
13983,1293335
18827,1296616
16184,1295774
12515,26646
13286,65097
14287,28506
16531,1296234
21929,1297481
2996,224671
13953,1293294
13287,1289984
2963,1911
15625,1294998
13800,473226
13292,1289992
15325,1294680
13288,1288043
22457,1297804
14637,1293993
13293,1289993
17905,1296490
15559,1294951
21798,1297404
14976,1294337
24310,1298903
11951,186196
2456,3968
2968,1151900
14899,1294265
3435,1276373
15995,1295541
14448,1293838
13290,76178
13867,1290974
13935,1293275
18596,263829
13581,209194
20477,1296995
14870,27763
13314,207510
21335,1297235
14128,1293483
13940,1293280
14722,52235
13311,134295
2367,272122
14244,1293639
2993,26348
16322,1295952
14132,1293486
13899,1291016
3091,
14043,1293387
2980,1226983
13326,1290066
16126,1295694
18927,1296641
14444,24927
13582,1290577
14823,1294185
2997,4541
16130,1295698
16329,1295960
14392,1207461
22396,1297722
13313,1290049
13584,4561
2984,4737
16247,1295856
16331,1295962
16133,1295701
3039,4648
14671,27523
19685,1296859
3143,1298237
22985,1298188
13597,1290590
2981,116254
20345,1296980
13575,1290555
15914,1295441
13325,1228462
19850,1296884
16243,1295844
16141,1295711
2986,1124897
15491,185319
16142,1295712
13585,4777
13636,1290668
14599,61719
24404,1298994
23517,1298442
13338,4789
22559,1297853
3054,26363
13907,1229618
14779,1294153
13586,4935
14968,1294326
2130,231041
20840,1297107
13337,1289286
13957,1293310
16336,1295970
13587,4771
13350,1290113
13649,1290686
14106,1293458
16447,1296111
15971,24920
3431,896780
13405,4547
15049,1294402
17804,1296481
13408,1290253
13608,1290601
20444,1296994
2125,133845
16452,1296115
22557,1297851
13780,1290645
16389,1296019
3050,24637
13642,1290675
21833,1297476
13943,28502
3115,135336
13399,1290223
13692,1290767
19488,1296812
2268,1226571
3535,131531
14415,1293801
13616,1290501
13401,92152
13355,1275827
2648,28748
23876,1298629
10367,134001
2880,1269016
22987,1298190
14666,1294031
16431,1296086
6539,1251903
3279,26612
14627,103415
16519,1296217
16077,1295667
13371,28332
21599,1297314
13432,79634
13856,1290956
15619,1294992
3503,30359
22655,1297929
13391,82358
23942,1298672
14705,976932
14911,1294279
22402,1297168
13411,1203547
17210,1296417
2198,472754
13808,1290849
22227,1297650
2129,231039
2444,4973
22292,27350
16111,1295680
6543,27461
15165,1294514
13375,1290183
13542,1290527
12381,1288769
13445,1290333
22127,1297605
5022,1232201
14600,1293964
13594,1290586
1927,5175
17046,1296397
13431,83845
13609,1289981
13473,1226155
2127,231038
13598,1290591
15360,1294724
15187,1294545
16501,1296162
14404,1293786
13372,27924
13610,1290603
16484,1296145
16147,1295717
24371,1298972
13588,1290581
2443,1163075
14110,1293460
14152,1293503
13717,1290790
3065,26245
18662,1296594
13444,81015
13545,1290529
13387,1290203
20247,1296945
14159,1293522
15054,1294407
14553,1293938
2681,1264584
16310,1295933
24376,1298977
16404,1296049
3220,5248
13328,1290073
13611,1290604
13832,1290929
14598,251936
14037,1293378
15189,184630
15582,470477
15330,1294685
24340,1298971
13835,1290932
3351,1275822
2964,1269880
13612,130987
21140,4534
14984,28078
20939,1297135
13815,1290906
3173,135128
14972,1294333
23712,1298557
22659,1298009
13613,821300
16211,134085
14999,1294358
14333,1293703
21170,235976
14633,1293990
16650,1296361
7661,1283852
13209,1289713
13614,1290619
13312,207789
13602,1290595
14694,1294074
5025,244491
20972,1297149
14855,1294221
22403,1297167
18398,1296549
13617,214624
15439,1294799
15279,1294638
2994,1081481
3044,26346
15981,262061
13596,1290589
9905,1285964
3288,3831
15035,1226572
13618,217302
21534,1208054
14700,1294080
2850,1268434
13419,29026
15324,1275496
13619,80028
15065,1294417
15275,1294636
14913,1294282
13814,1290905
15149,1294499
14796,1294163
21996,1297557
15067,1294419
21401,132375
20973,1297150
13883,1291001
7793,237002
12972,133616
14416,1293804
14130,224907
13331,1290079
13108,27954
15585,185122
14770,1294143
16612,27270
13805,1290846
3004,3928
13766,1290820
13418,1290273
14771,1294144
21402,1297237
21567,1297313
13112,685491
13229,1289747
13624,4108
15395,1294753
13491,215239
25044,1299873
13541,1290526
13804,1290845
3398,23715
21731,1297346
21633,1297315
16343,1295980
13806,1290847
15209,247474
2749,1246916
21765,470588
13623,1290627
13485,1290411
24770,1299398
13632,1290662
15206,1294561
21831,133958
13502,1290442
2820,4283
13807,1290848
14604,1293967
2217,227752
13626,4978
9344,230543
25035,1299863
13054,1289507
13631,1290649
13066,732112
5417,1281509
25039,1299867
15809,1295165
25040,1299868
3162,4972
4531,1280329
13503,1290443
25066,1299894
13694,1290769
13625,26586
2235,26481
5747,26661
25069,1299898
2666,474118
25097,1299990
13665,1290690
25131,1300081
12953,1289343
14447,1209604
2697,1264997
13409,924986
15984,1295530
2669,27244
21071,1297165
2864,1227815
2958,1269874
24537,1299158
3080,4571
12416,1288807
24538,1299159
22424,1297769
15997,1295531
16347,1295982
2105,1211250
22160,27871
13474,1290380
13663,28275
22723,1298055
2826,1213996
16350,1295985
16309,1295932
2199,1086003
15998,1295543
13499,1290439
2870,1268750
13627,26584
13430,81083
13148,1289651
2043,4476
14316,114776
8882,1284776
14118,1293467
14520,1293912
16113,1295682
11854,1288078
2291,1239687
13603,1290596
15288,969616
16000,381141
24541,1299162
14512,1293904
14119,1293468
24542,1299163
3375,135609
13595,1290587
2042,4472
5419,1281511
15289,1294650
13480,1290397
4427,1279893
13646,122323
24544,1299165
8915,1284809
16311,1295934
16552,27837
17837,1296487
16001,1295544
14662,28035
12921,1289282
13483,90489
13667,876134
21038,1297152
22622,25946
16312,1295935
3693,27908
14759,1294129
12924,1289285
16002,80405
12954,1289348
13374,27023
3131,133033
14514,1293906
2995,4070
15294,1232283
13666,1289557
12351,1288738
21863,1297478
6054,228261
14646,1294009
3077,26257
14515,1293907
12912,1289270
14525,1293917
2366,26414
17342,1296437
15323,76530
3457,1276543
22820,1298098
13011,1289433
14840,1294209
17904,27530
16215,184414
13651,1290692
16008,1295548
13497,1290438
13044,1289466
13839,1290936
2221,186369
2597,149418
13253,1289775
16009,1295550
13838,1290935
12516,27802
25041,1299869
5880,28220
14518,1293910
3417,27975
16010,1295551
15190,1294547
3041,28579
13434,1290312
16455,1296121
22853,1298100
14528,1293919
14265,1293656
15346,1294703
13115,1289607
2320,1241568
13823,1290912
14861,1294229
13628,1290639
5946,28639
15587,1294976
24834,1299594
15137,1294486
15352,1294713
23150,130955
2035,4635
13481,1290401
18366,1296548
16419,1296072
3165,1289626
13827,1290917
14886,132577
3047,27502
15125,1294474
15136,1294485
13016,28842
13664,24702
17018,1296395
13972,1293325
14579,77135
24668,1299288
3219,4538
24801,1299561
11984,135339
13501,1290441
14824,1294186
14826,1294187
13671,1290715
6081,114777
14543,1293928
16544,1296266
16050,1295607
7925,116255
24833,1299593
13351,258146
15267,1294626
13868,24284
13687,1290758
15986,1295533
14298,1293683
15030,1294379
7926,116256
15064,1294416
13998,1293350
13669,1287380
13686,1290757
2356,5190
16018,131726
13689,1290760
15962,1295509
12348,5225
14427,1293813
13672,226241
14431,1293818
14432,1293819
5023,25051
4328,1279892
13696,115073
13510,1290454
22401,1297169
14430,1293817
22404,1297166
5948,23723
22920,1298141
13708,1211339
2859,26979
24806,1299565
22624,28228
13475,4315
14121,1293470
15414,130937
14122,1293471
14484,1293869
13701,29092
13783,27207
12779,1289167
16566,1296288
13450,1290348
24866,1299646
15355,1294719
15497,1088559
15356,1294720
14766,1294138
3215,4224
14762,1294132
2170,133982
15586,1294975
13712,185016
2660,27895
24140,1298734
15053,1294406
13482,90714
2653,28056
14995,1294354
13057,1225614
16019,27337
13515,1290471
20807,5261
18930,1296644
3206,225184
2819,474162
13726,25267
15001,1294361
15999,381139
15481,1294845
5979,29121
13599,1290592
15972,227030
13443,216440
24967,1299727
2830,997912
14958,1294315
13189,1273617
15138,1294487
14757,1294128
3003,5188
13697,131628
16020,1295563
14112,1293461
12518,114719
14114,1293463
15490,27228
15977,1295525
2887,1269174
14113,1293462
3114,1248351
13505,79657
16332,1295965
12955,241706
16021,474059
14937,1294299
13699,1290752
12052,1288377
2874,227133
2740,1264399
2873,28465
15979,1295528
13711,228262
14751,1294123
6143,1282301
14816,1294178
15996,1295542
12486,29027
13484,1290410
16383,1296008
13577,1290562
20413,1296993
13688,1290759
14494,1293881
13223,1289738
16137,1295704
12520,224375
14495,1293882
13719,1290791
13498,36937
22558,1297852
12524,3911
15493,115386
14977,1294338
15161,
14981,1294341
7991,133837
14978,1294339
15653,1295029
3266,4943
13727,132567
14393,1293777
2846,133846
24107,1298733
14000,1293352
2680,1264585
15492,261864
2612,25174
16017,1295562
14003,1293355
13713,1290789
2836,4162
24379,1298980
12053,1288378
13772,1222025
15338,1294693
7430,28168
14040,1293353
16053,183850
13698,179861
13655,1290697
16054,24855
13715,27549
16392,1296022
14042,1293386
16055,1287369
2704,26559
14007,1293359
14004,1293356
15581,1057365
14006,1293358
14390,1293775
5945,26655
3036,4788
17378,1296441
14856,1294226
7001,132154
14402,1293782
15583,1294973
14702,1294082
14993,1294353
15655,1295031
12413,24388
2128,231037
16056,1295612
13140,24320
3333,1275558
3171,135330
14997,1294356
12545,116217
16058,1295609
2449,4841
13817,1290908
14679,1294039
12521,4098
3035,1271470
13496,1290437
2197,4296
16059,1295613
12547,4636
15340,237681
14711,1294089
14713,1294091
14687,1294053
16117,1295685
15597,1294986
16313,1295936
1937,4083
16121,184635
15038,1294392
14123,1293478
12948,1289338
16109,1295678
13936,1293276
15017,27981
16136,1295707
13938,1293278
12919,5030
16608,1296336
15219,1294578
15167,1294516
14720,1294099
16138,134305
13939,1293279
6542,135161
16272,236978
16143,1295710
2365,134338
16112,1295681
15169,1294518
2842,997536
15590,1149600
4396,1279083
16410,1033339
14126,1293479
3404,1267030
24513,1299134
15591,1294978
15334,1294689
15057,1294412
15166,1294515
14605,1293968
16161,26716
14127,1293482
2756,1266098
3678,1223772
14168,133488
15255,1294614
15384,1294743
4395,135518
13321,1290062
16342,225450
16145,1033364
22986,1298189
6546,135500
15253,1294612
14360,1293740
23154,1298099
16345,131712
16153,23728
2448,5043
14380,1293759
14745,1294117
14318,28727
15254,1294613
3374,135157
13718,237611
3298,1275240
13197,4323
13013,133919
16152,1295725
23120,1298235
14238,1293632
13884,1291009
14358,1293736
15129,1294479
3434,1246625
15808,1295164
15353,1294717
15009,1294374
15594,185311
13829,1290919
18928,1296642
15354,1294718
16444,1296104
7829,27967
14807,1294172
14496,1293883
7892,116252
14382,1293761
13830,1290920
14768,1294140
12581,1288994
3302,1275311
13742,1290819
13130,1289638
14851,255893
14141,1293493
16221,1295814
7760,131471
15848,1295205
14499,1293873
20544,1297026
6737,1283027
14699,1294079
14328,28246
14629,1293988
15790,1295148
14151,1293502
2868,1268749
14150,1293501
14235,1293592
2374,133916
16011,1295552
14502,1293885
16248,1295853
14153,1293507
14787,133894
16251,82268
13850,1290947
13903,1291030
14504,1293887
3525,1277138
13591,1290583
3363,1209808
17013,1296390
15286,1223109
3372,135453
14449,1291389
14537,93005
16253,90372
13015,1241527
21797,1297403
13601,1290594
3620,1277528
3998,1279331
3373,135651
15013,24205
13604,1290597
12513,1205292
24604,1299279
14734,264589
13641,1290674
14707,149156
14134,1293488
13851,1290957
14296,253187
13852,1290958
14804,1294169
15109,76578
10169,1286657
15879,1295424
7859,116251
2853,1268563
3060,24826
14259,1293648
14906,1294274
14728,1294105
14585,5143
14440,1293834
7831,237554
2783,1267189
14924,5250
14941,115356
21665,1297344
7134,1283358
14909,1294277
14900,1294266
14536,1293925
3695,1278325
14903,1294269
14320,27192
3622,1277627
14815,80413
13995,1293347
3692,1278299
14355,83235
15135,1294484
13047,1289484
14339,1293724
3668,1278264
14164,1293527
24239,1298891
14588,1293956
16613,1296341
14630,78764
14503,1293886
24569,1299227
16578,4566
18929,1296643
14753,1294125
12965,1289366
14729,1294100
14634,26571
23744,1298559
7727,28884
17705,1296475
15133,1294482
16022,24561
14204,1293567
20808,1297106
24074,1298732
15150,1294500
14577,1293949
3510,1277107
7002,1209100
4889,1280882
16023,474101
13771,1290826
3369,26241
14340,1293726
13421,1290280
2672,27883
14255,73923
3500,1276932
14417,1293805
12967,629023
3308,1275319
15270,113992
12918,1289276
3529,1277151
14412,1293798
24605,1299280
16116,1295684
14568,1293945
3501,1276935
13060,25167
15272,1294630
14411,1293797
14215,1293558
2426,1241236
13041,1289464
14818,1294180
14805,1294170
14479,1293865
12382,1226572
14530,1293921
14983,1294343
16538,1296260
14808,1294173
2670,27757
24607,1299282
16540,1296262
15023,28700
22395,1297721
24635,1299283
15391,1294749
16192,1295777
15385,133602
19916,1296904
14602,1293950
15350,1294711
15208,22960
14854,1294220
17277,224176
13518,1290474
14315,114918
12482,28725
4922,1280915
15022,28599
13517,1290473
13114,1289598
14434,5134
14617,67632
14654,1294017
13120,1289619
12532,1288946
14547,90431
3672,1278267
14811,1294175
5947,24862
15326,1294681
2101,240949
14735,264670
23153,228263
14706,1294084
16024,1295564
15162,133955
13202,1289701
20280,1296960
3399,25022
14660,27603
13335,1290085
23546,1296165
16048,1295605
12314,1288639
7232,115292
13695,1290770
14737,263610
14860,1294228
14725,257092
13740,1290817
14258,256994
2431,4168
16254,80403
3464,1276554
13055,1289527
13733,1290807
20510,27681
15593,1294979
13810,1290851
3040,4452
16255,1295863
17177,1296416
18795,1296603
13722,1290802
13630,1290650
15344,1294701
16012,1295553
14554,1293939
13213,1289717
16209,1295802
14545,79857
16256,1295864
2347,5126
3626,1277694
3412,1276216
8981,1284842
16259,1295867
13333,1290081
13693,1290768
3225,4439
14549,91142
3310,1275321
5091,1281117
18960,1287375
15185,26883
4997,1280968
15411,1294772
16260,176452
12490,1288912
5186,1281245
14240,63385
13376,1290184
14810,77162
12546,1288971
13214,1289720
24175,1298763
16261,133806
5714,1281971
2211,1225457
14443,1208519
16219,1295811
15063,26589
16076,1295666
2220,186249
3570,1277318
16262,1295898
8684,1246119
14580,1293951
16273,1295908
16224,1295816
14608,1293970
16234,1293948
15025,1294373
14587,1293960
13865,4492
13423,1290282
2453,224053
13425,1290284
13427,1290295
19223,1296748
16263,1295899
16218,1295810
16266,1295902
14450,27962
13359,1290133
14655,1294018
13428,1290296
19422,4995
14819,1294181
13025,1289453
19487,26357
20609,1297034
16264,1295900
2659,1263554
14908,1294276
16481,261774
13429,1290304
16242,1295843
13129,1289637
14621,1293982
16265,1295901
13318,1290057
16268,1295903
12487,1288909
13590,1290582
16505,1296174
14747,1294119
16270,1295905
3350,1275821
13470,1290372
16521,1296225
13468,1290369
7332,1283588
14465,27136
16269,1295904
15021,28466
14748,1294120
16276,1245497
2863,1268723
14356,257000
3800,1278928
2789,1267200
3316,1275448
14624,1293985
3331,1275555
14721,51571
13212,1289716
14610,28187
2253,1224589
14437,1293823
2956,1269750
16546,5013
13994,1293346
16547,5012
23810,1298590
14470,1293854
14154,1293508
19553,1296835
16316,1295944
20743,1297074
15362,36907
14830,1294192
19619,1233126
14653,1294016
24207,1298819
10797,1287325
2560,1263198
19817,1296883
16324,25044
2690,1264366
19949,1234506
15130,1294480
13996,1293348
21832,1240453
13997,1293349
20015,1296922
14835,26550
16323,184379
10631,1287086
2724,1264385
14595,27753
2736,1264395
14117,213804
2752,1264404
14596,1293962
16412,1222262
13592,1290584
2764,1266103
16341,1246984
14663,1294028
14813,1294177
2765,1266104
14305,1293693
11720,1287845
14120,1293469
20048,113454
16328,1295959
14614,26487
14471,1293855
2786,1267199
2788,1267202
11953,1288255
20610,30031
12446,1288868
10829,1287389
10994,970492
14761,1294131
11689,1287814
21896,1297480
11855,1288079
13319,1290058
20180,208132
16554,24288
13600,1290593
16560,24446
12051,1288376
14467,27764
3200,1274546
12050,1288373
3292,1275234
22061,185542
16346,207141
15259,1294618
2636,1263794
14551,5196
12083,1288406
15747,28407
3294,1275236
14750,1294122
15781,1295140
14760,1294130
14285,25811
20478,1211362
15199,1251162
14155,1293509
20742,1297073
12548,1288972
3295,1275237
16374,1296002
16232,1295831
20749,1297024
12612,1288996
14391,1293776
13150,1289659
3297,1275239
21141,1297186
12644,1289039
15252,1294611
21143,27396
14975,1294336
16375,1186124
14688,225295
3478,1276730
3486,1276782
14399,228272
12790,1289185
16376,236888
16390,1296020
16398,1296042
16271,1295907
14594,1293959
3611,1277488
15016,27607
16397,1296041
15121,1294469
15327,1294682
16569,5155
13118,1289617
16570,27091
14024,1293376
12911,1289269
20873,160234
3671,1278266
21142,26097
3670,1278265
15115,1294464
21171,1297187
3735,1278474
12791,1289180
17575,237291
3149,1273800
3190,1274531
3192,1274533
21237,27021
3193,1274534
16399,1296043
5190,1281249
14672,27987
13014,133849
3196,1274537
21632,24439
3736,1278475
15332,1294687
16400,1296044
3194,1274535
16715,263234
4263,1279828
14601,27247
16406,894372
13593,1290585
15191,184576
13951,1241234
16413,1222263
15812,1295171
4532,1280330
16426,1296081
15019,28226
14321,1292955
15008,1294368
13629,1290647
24373,1298974
13358,1290132
4626,1280421
4694,1280481
13802,28555
14918,1291082
15171,1294520
16425,131565
14675,27853
16421,26645
24338,1298968
14510,1293896
15087,1294430
16415,472296
14486,1293871
4725,1280657
14345,254121
4790,1280816
3158,1274137
14616,1293979
15131,208132
16420,1296073
13017,27807
16451,26105
14623,1293984
13634,1290664
16433,1296093
15347,1294694
15024,28731
16434,228256
14516,1293908
9311,4982
16435,27691
14301,1293685
14857,80055
16244,1295854
16440,134519
13332,1290080
15211,242464
16439,1296098
22886,132302
14578,38505
13741,1290818
24503,1299124
3195,1274536
24508,1299129
15291,970408
6605,1282862
14756,1294127
16443,207497
13878,1290979
7100,1283324
15148,1294498
14169,1293537
14524,1293914
22556,1297651
15066,1294418
13811,1290902
16454,1285331
7432,1283687
22623,25482
13392,1290216
9971,28214
13393,1290160
22625,25081
12613,1289001
16476,1296135
23051,4733
14584,1293955
16477,62621
16815,1296381
24572,1299230
13388,1290204
2655,1263549
14635,225616
8618,1284578
16478,37152
8619,1284579
22658,1297943
16005,1295547
14822,1294184
16007,1295549
15127,1294476
14611,1293971
10895,1287416
15292,1294654
22626,27991
5187,1281246
16325,1295953
2716,1264378
14670,27945
15293,1294655
16479,75716
14581,1293952
16482,25318
11687,1287812
15010,1294375
13019,1289439
2204,1223970
13621,1290629
3646,1277866
23119,134293
14195,1293559
3524,1277139
23084,1296479
3296,1275238
14648,1294012
16483,24500
13424,1290283
24734,1299385
2869,1268401
14541,25025
3305,1275316
16489,27687
15103,1294453
23118,178859
15317,1294653
16491,1296152
2657,1263552
14606,1293969
10897,1287418
3527,1277149
14916,207507
15062,1294415
16172,1295753
15397,1294755
14704,919194
16216,1295808
14690,1294063
16252,1295862
2656,1263551
14898,74875
14869,1294239
23151,110985
14674,25218
3523,1277140
11126,1287680
12958,1289349
14612,1293972
15090,1294432
14806,1294171
15055,1294408
2747,1264402
14962,1294317
15331,1294686
14961,1294318
14680,1294040
13211,1289715
14709,1294077
13128,1289635
10928,1287482
3698,1278330
15032,1294381
14775,1294149
2317,1244852
12528,1288943
23282,1298320
2626,1262609
15036,1294390
14636,1293992
14619,1293980
14408,1293794
7433,1283688
14708,1294085
23349,130963
10896,1287417
3017,1271154
2682,1264586
13426,1290285
2988,1270394
4528,1280326
23979,1298562
5418,1281510
3773,1278657
9080,1284908
15132,1294481
11690,1287815
15168,1294517
12710,1289042
19950,3969
13635,1290665
18893,1296639
11694,1287828
3324,1275505
14791,1294158
12680,1289059
3318,1275495
5092,1281118
23348,262731
23843,1219158
11292,1287746
14413,1293799
3411,1276195
24381,1298982
3899,1279104
14144,1293496
22789,1298094
2971,1270123
3526,1277148
22790,1298095
24372,1298973
21138,1297184
5450,1281575
2229,1226040
14513,1293905
24375,1298976
3394,1276061
14940,1294304
24374,1298975
22791,1298096
3306,1275317
3015,1271130
13007,1289429
24438,1298996
2205,1224590
22793,1298097
24440,1298998
3438,1276378
24639,1299287
5192,1281251
15202,1294557
3124,1273552
15000,1294359
24507,1299128
2110,1211449
24506,1299125
2775,1266113
3139,1271166
21137,1297183
13812,1290903
16520,1296218
16131,1295699
24509,1299130
24602,1299277
2428,1251953
24512,1299132
16125,1295693
24510,1299131
22193,1297648
19289,1296781
19290,1296782
22754,1298057
16249,1295860
14844,89656
3498,1276936
16148,1295718
15351,1294712
24606,1299281
5252,1281278
15271,1294629
21764,1297376
15170,1294519
24702,1299337
14234,1293626
13902,1291020
14738,1294110
13048,1289465
16214,1295806
18266,1296539
13813,1290904
15811,480217
15515,1294875
14526,1293918
15390,1294748
13638,1290670
15383,1294742
15518,1294878
14701,1294081
15699,1295058
14460,1293848
14642,1293727
13691,1290766
16114,1295683
16182,1295768
14115,1293464
15499,1294858
3293,1275235
16062,1295615
3326,1275507
13657,1290702
3528,1277150
3444,1275506
16159,1295734
8717,1284611
11885,1288208
15039,1276217
16160,1295735
16393,1296028
16217,1295809
16230,1295821
14652,1294015
16233,1295832
16847,1296382
2987,1270393
12479,1288901
3428,1276372
12493,1288915
16238,1295836
12744,1289128
16127,1295695
10202,1286690
14998,1294357
3043,1271650
15273,1294633
3614,1277502
12971,1289394
14379,1293758
16335,1295968
3282,1275099
16194,1295778
3189,1274530
15052,1294405
22590,1297857
13279,1289810
14650,1294013
3481,1275101
9510,1285139
22589,1297856
9146,1284941
13866,1290973
13306,1290023
3191,1274532
24277,1298897
16436,1293397
17674,1296471
15126,1294475
14647,1294011
7233,1283456
15158,1294509
12611,1288995
13816,1290907
2989,1270395
14429,1293816
14419,1293807
16110,1295679
16123,1295691
13119,1289618
14428,1293814
3307,1275318
16337,1295969
14410,1293796
14714,1294092
13210,1289714
23117,1298234
12809,1289198
14394,1293779
15123,1294471
13647,1290685
12913,1289271
3660,1278113
14684,1294047
13645,1290678
15003,1294363
13125,1289632
15159,1294510
13357,1290131
3330,1275554
14426,1293812
14767,1294139
15117,1294467
3602,1277351
15002,1294360
3309,1275320
3656,1277887
3299,1275241
14346,1293731
8849,1284743
14395,1293778
13126,1289633
14344,1293730
14414,1293800
21139,1297185
3321,1275496
12783,1289170
12910,1289266
13127,1289634
12743,1289126
13356,1290130
3477,1276729
